# crude low-poly dog - test model for the models/ contract
# authored yup
o torso
v 0.00000 0.39304 -0.28479
v -0.03554 0.39338 -0.27917
v -0.03078 0.37565 -0.27810
v -0.01777 0.36266 -0.27731
v -0.00000 0.35791 -0.27702
v 0.01777 0.36266 -0.27731
v 0.03078 0.37565 -0.27810
v 0.03554 0.39338 -0.27917
v 0.03078 0.41112 -0.28025
v 0.01777 0.42410 -0.28103
v 0.00000 0.42886 -0.28132
v -0.01777 0.42410 -0.28103
v -0.03078 0.41112 -0.28025
v -0.06760 0.39437 -0.26287
v -0.05854 0.36064 -0.26082
v -0.03380 0.33594 -0.25933
v -0.00000 0.32690 -0.25878
v 0.03380 0.33594 -0.25933
v 0.05854 0.36064 -0.26082
v 0.06760 0.39437 -0.26287
v 0.05854 0.42811 -0.26491
v 0.03380 0.45280 -0.26641
v 0.00000 0.46184 -0.26696
v -0.03380 0.45280 -0.26641
v -0.05854 0.42811 -0.26491
v -0.09304 0.39591 -0.23747
v -0.08057 0.34948 -0.23466
v -0.04652 0.31549 -0.23260
v -0.00000 0.30304 -0.23184
v 0.04652 0.31549 -0.23260
v 0.08057 0.34948 -0.23466
v 0.09304 0.39591 -0.23747
v 0.08057 0.44234 -0.24029
v 0.04652 0.47634 -0.24235
v 0.00000 0.48878 -0.24310
v -0.04652 0.47634 -0.24235
v -0.08057 0.44234 -0.24029
v -0.10937 0.39785 -0.20547
v -0.09472 0.34326 -0.20216
v -0.05469 0.30331 -0.19974
v -0.00000 0.28868 -0.19886
v 0.05469 0.30331 -0.19974
v 0.09472 0.34326 -0.20216
v 0.10937 0.39785 -0.20547
v 0.09472 0.45244 -0.20878
v 0.05469 0.49240 -0.21120
v 0.00000 0.50702 -0.21209
v -0.05469 0.49240 -0.21120
v -0.09472 0.45244 -0.20878
v -0.11500 0.40000 -0.17000
v -0.09959 0.34261 -0.16652
v -0.05750 0.30059 -0.16398
v -0.00000 0.28521 -0.16304
v 0.05750 0.30059 -0.16398
v 0.09959 0.34261 -0.16652
v 0.11500 0.40000 -0.17000
v 0.09959 0.45739 -0.17348
v 0.05750 0.49941 -0.17602
v 0.00000 0.51479 -0.17696
v -0.05750 0.49941 -0.17602
v -0.09959 0.45739 -0.17348
v -0.11200 0.42000 0.16000
v -0.09699 0.36410 0.16339
v -0.05600 0.32318 0.16587
v -0.00000 0.30821 0.16678
v 0.05600 0.32318 0.16587
v 0.09699 0.36410 0.16339
v 0.11200 0.42000 0.16000
v 0.09699 0.47590 0.15661
v 0.05600 0.51682 0.15413
v 0.00000 0.53179 0.15322
v -0.05600 0.51682 0.15413
v -0.09699 0.47590 0.15661
v -0.10652 0.42209 0.19455
v -0.09225 0.36893 0.19777
v -0.05326 0.33002 0.20013
v -0.00000 0.31577 0.20099
v 0.05326 0.33002 0.20013
v 0.09225 0.36893 0.19777
v 0.10652 0.42209 0.19455
v 0.09225 0.47526 0.19132
v 0.05326 0.51417 0.18897
v 0.00000 0.52842 0.18810
v -0.05326 0.51417 0.18897
v -0.09225 0.47526 0.19132
v -0.09061 0.42398 0.22571
v -0.07847 0.37876 0.22845
v -0.04530 0.34566 0.23046
v -0.00000 0.33354 0.23119
v 0.04530 0.34566 0.23046
v 0.07847 0.37876 0.22845
v 0.09061 0.42398 0.22571
v 0.07847 0.46920 0.22297
v 0.04530 0.50231 0.22096
v 0.00000 0.51443 0.22023
v -0.04530 0.50231 0.22096
v -0.07847 0.46920 0.22297
v -0.06583 0.42548 0.25044
v -0.05701 0.39263 0.25244
v -0.03292 0.36857 0.25389
v -0.00000 0.35977 0.25443
v 0.03292 0.36857 0.25389
v 0.05701 0.39263 0.25244
v 0.06583 0.42548 0.25044
v 0.05701 0.45834 0.24845
v 0.03292 0.48239 0.24699
v 0.00000 0.49119 0.24646
v -0.03292 0.48239 0.24699
v -0.05701 0.45834 0.24845
v -0.03461 0.42644 0.26632
v -0.02997 0.40917 0.26737
v -0.01730 0.39653 0.26814
v -0.00000 0.39190 0.26842
v 0.01730 0.39653 0.26814
v 0.02997 0.40917 0.26737
v 0.03461 0.42644 0.26632
v 0.02997 0.44372 0.26528
v 0.01730 0.45636 0.26451
v 0.00000 0.46099 0.26423
v -0.01730 0.45636 0.26451
v -0.02997 0.44372 0.26528
v 0.00000 0.42678 0.27179
usemtl fur
f 1 3 2
f 1 4 3
f 1 5 4
f 1 6 5
f 1 7 6
f 1 8 7
f 1 9 8
f 1 10 9
f 1 11 10
f 1 12 11
f 1 13 12
f 1 2 13
f 2 14 15
f 2 15 3
f 3 15 16
f 3 16 4
f 4 16 17
f 4 17 5
f 5 17 18
f 5 18 6
f 6 18 19
f 6 19 7
f 7 19 20
f 7 20 8
f 8 20 21
f 8 21 9
f 9 21 22
f 9 22 10
f 10 22 23
f 10 23 11
f 11 23 24
f 11 24 12
f 12 24 25
f 12 25 13
f 13 25 14
f 13 14 2
f 14 26 27
f 14 27 15
f 15 27 28
f 15 28 16
f 16 28 29
f 16 29 17
f 17 29 30
f 17 30 18
f 18 30 31
f 18 31 19
f 19 31 32
f 19 32 20
f 20 32 33
f 20 33 21
f 21 33 34
f 21 34 22
f 22 34 35
f 22 35 23
f 23 35 36
f 23 36 24
f 24 36 37
f 24 37 25
f 25 37 26
f 25 26 14
f 26 38 39
f 26 39 27
f 27 39 40
f 27 40 28
f 28 40 41
f 28 41 29
f 29 41 42
f 29 42 30
f 30 42 43
f 30 43 31
f 31 43 44
f 31 44 32
f 32 44 45
f 32 45 33
f 33 45 46
f 33 46 34
f 34 46 47
f 34 47 35
f 35 47 48
f 35 48 36
f 36 48 49
f 36 49 37
f 37 49 38
f 37 38 26
f 38 50 51
f 38 51 39
f 39 51 52
f 39 52 40
f 40 52 53
f 40 53 41
f 41 53 54
f 41 54 42
f 42 54 55
f 42 55 43
f 43 55 56
f 43 56 44
f 44 56 57
f 44 57 45
f 45 57 58
f 45 58 46
f 46 58 59
f 46 59 47
f 47 59 60
f 47 60 48
f 48 60 61
f 48 61 49
f 49 61 50
f 49 50 38
f 50 62 63
f 50 63 51
f 51 63 64
f 51 64 52
f 52 64 65
f 52 65 53
f 53 65 66
f 53 66 54
f 54 66 67
f 54 67 55
f 55 67 68
f 55 68 56
f 56 68 69
f 56 69 57
f 57 69 70
f 57 70 58
f 58 70 71
f 58 71 59
f 59 71 72
f 59 72 60
f 60 72 73
f 60 73 61
f 61 73 62
f 61 62 50
f 62 74 75
f 62 75 63
f 63 75 76
f 63 76 64
f 64 76 77
f 64 77 65
f 65 77 78
f 65 78 66
f 66 78 79
f 66 79 67
f 67 79 80
f 67 80 68
f 68 80 81
f 68 81 69
f 69 81 82
f 69 82 70
f 70 82 83
f 70 83 71
f 71 83 84
f 71 84 72
f 72 84 85
f 72 85 73
f 73 85 74
f 73 74 62
f 74 86 87
f 74 87 75
f 75 87 88
f 75 88 76
f 76 88 89
f 76 89 77
f 77 89 90
f 77 90 78
f 78 90 91
f 78 91 79
f 79 91 92
f 79 92 80
f 80 92 93
f 80 93 81
f 81 93 94
f 81 94 82
f 82 94 95
f 82 95 83
f 83 95 96
f 83 96 84
f 84 96 97
f 84 97 85
f 85 97 86
f 85 86 74
f 86 98 99
f 86 99 87
f 87 99 100
f 87 100 88
f 88 100 101
f 88 101 89
f 89 101 102
f 89 102 90
f 90 102 103
f 90 103 91
f 91 103 104
f 91 104 92
f 92 104 105
f 92 105 93
f 93 105 106
f 93 106 94
f 94 106 107
f 94 107 95
f 95 107 108
f 95 108 96
f 96 108 109
f 96 109 97
f 97 109 98
f 97 98 86
f 98 110 111
f 98 111 99
f 99 111 112
f 99 112 100
f 100 112 113
f 100 113 101
f 101 113 114
f 101 114 102
f 102 114 115
f 102 115 103
f 103 115 116
f 103 116 104
f 104 116 117
f 104 117 105
f 105 117 118
f 105 118 106
f 106 118 119
f 106 119 107
f 107 119 120
f 107 120 108
f 108 120 121
f 108 121 109
f 109 121 110
f 109 110 98
f 122 110 111
f 122 111 112
f 122 112 113
f 122 113 114
f 122 114 115
f 122 115 116
f 122 116 117
f 122 117 118
f 122 118 119
f 122 119 120
f 122 120 121
f 122 121 110
o chest
v 0.00000 0.54000 0.15000
v 0.04592 0.53087 0.15000
v 0.03977 0.53087 0.12513
v 0.02296 0.53087 0.10692
v 0.00000 0.53087 0.10025
v -0.02296 0.53087 0.10692
v -0.03977 0.53087 0.12513
v -0.04592 0.53087 0.15000
v -0.03977 0.53087 0.17487
v -0.02296 0.53087 0.19308
v -0.00000 0.53087 0.19975
v 0.02296 0.53087 0.19308
v 0.03977 0.53087 0.17487
v 0.08485 0.50485 0.15000
v 0.07348 0.50485 0.10404
v 0.04243 0.50485 0.07039
v 0.00000 0.50485 0.05808
v -0.04243 0.50485 0.07039
v -0.07348 0.50485 0.10404
v -0.08485 0.50485 0.15000
v -0.07348 0.50485 0.19596
v -0.04243 0.50485 0.22961
v -0.00000 0.50485 0.24192
v 0.04243 0.50485 0.22961
v 0.07348 0.50485 0.19596
v 0.11087 0.46592 0.15000
v 0.09601 0.46592 0.08995
v 0.05543 0.46592 0.04599
v 0.00000 0.46592 0.02990
v -0.05543 0.46592 0.04599
v -0.09601 0.46592 0.08995
v -0.11087 0.46592 0.15000
v -0.09601 0.46592 0.21005
v -0.05543 0.46592 0.25401
v -0.00000 0.46592 0.27010
v 0.05543 0.46592 0.25401
v 0.09601 0.46592 0.21005
v 0.12000 0.42000 0.15000
v 0.10392 0.42000 0.08500
v 0.06000 0.42000 0.03742
v 0.00000 0.42000 0.02000
v -0.06000 0.42000 0.03742
v -0.10392 0.42000 0.08500
v -0.12000 0.42000 0.15000
v -0.10392 0.42000 0.21500
v -0.06000 0.42000 0.26258
v -0.00000 0.42000 0.28000
v 0.06000 0.42000 0.26258
v 0.10392 0.42000 0.21500
v 0.11087 0.37408 0.15000
v 0.09601 0.37408 0.08995
v 0.05543 0.37408 0.04599
v 0.00000 0.37408 0.02990
v -0.05543 0.37408 0.04599
v -0.09601 0.37408 0.08995
v -0.11087 0.37408 0.15000
v -0.09601 0.37408 0.21005
v -0.05543 0.37408 0.25401
v -0.00000 0.37408 0.27010
v 0.05543 0.37408 0.25401
v 0.09601 0.37408 0.21005
v 0.08485 0.33515 0.15000
v 0.07348 0.33515 0.10404
v 0.04243 0.33515 0.07039
v 0.00000 0.33515 0.05808
v -0.04243 0.33515 0.07039
v -0.07348 0.33515 0.10404
v -0.08485 0.33515 0.15000
v -0.07348 0.33515 0.19596
v -0.04243 0.33515 0.22961
v -0.00000 0.33515 0.24192
v 0.04243 0.33515 0.22961
v 0.07348 0.33515 0.19596
v 0.04592 0.30913 0.15000
v 0.03977 0.30913 0.12513
v 0.02296 0.30913 0.10692
v 0.00000 0.30913 0.10025
v -0.02296 0.30913 0.10692
v -0.03977 0.30913 0.12513
v -0.04592 0.30913 0.15000
v -0.03977 0.30913 0.17487
v -0.02296 0.30913 0.19308
v -0.00000 0.30913 0.19975
v 0.02296 0.30913 0.19308
v 0.03977 0.30913 0.17487
v 0.00000 0.30000 0.15000
usemtl fur
f 123 124 125
f 123 125 126
f 123 126 127
f 123 127 128
f 123 128 129
f 123 129 130
f 123 130 131
f 123 131 132
f 123 132 133
f 123 133 134
f 123 134 135
f 123 135 124
f 124 136 137
f 124 137 125
f 125 137 138
f 125 138 126
f 126 138 139
f 126 139 127
f 127 139 140
f 127 140 128
f 128 140 141
f 128 141 129
f 129 141 142
f 129 142 130
f 130 142 143
f 130 143 131
f 131 143 144
f 131 144 132
f 132 144 145
f 132 145 133
f 133 145 146
f 133 146 134
f 134 146 147
f 134 147 135
f 135 147 136
f 135 136 124
f 136 148 149
f 136 149 137
f 137 149 150
f 137 150 138
f 138 150 151
f 138 151 139
f 139 151 152
f 139 152 140
f 140 152 153
f 140 153 141
f 141 153 154
f 141 154 142
f 142 154 155
f 142 155 143
f 143 155 156
f 143 156 144
f 144 156 157
f 144 157 145
f 145 157 158
f 145 158 146
f 146 158 159
f 146 159 147
f 147 159 148
f 147 148 136
f 148 160 161
f 148 161 149
f 149 161 162
f 149 162 150
f 150 162 163
f 150 163 151
f 151 163 164
f 151 164 152
f 152 164 165
f 152 165 153
f 153 165 166
f 153 166 154
f 154 166 167
f 154 167 155
f 155 167 168
f 155 168 156
f 156 168 169
f 156 169 157
f 157 169 170
f 157 170 158
f 158 170 171
f 158 171 159
f 159 171 160
f 159 160 148
f 160 172 173
f 160 173 161
f 161 173 174
f 161 174 162
f 162 174 175
f 162 175 163
f 163 175 176
f 163 176 164
f 164 176 177
f 164 177 165
f 165 177 178
f 165 178 166
f 166 178 179
f 166 179 167
f 167 179 180
f 167 180 168
f 168 180 181
f 168 181 169
f 169 181 182
f 169 182 170
f 170 182 183
f 170 183 171
f 171 183 172
f 171 172 160
f 172 184 185
f 172 185 173
f 173 185 186
f 173 186 174
f 174 186 187
f 174 187 175
f 175 187 188
f 175 188 176
f 176 188 189
f 176 189 177
f 177 189 190
f 177 190 178
f 178 190 191
f 178 191 179
f 179 191 192
f 179 192 180
f 180 192 193
f 180 193 181
f 181 193 194
f 181 194 182
f 182 194 195
f 182 195 183
f 183 195 184
f 183 184 172
f 184 196 197
f 184 197 185
f 185 197 198
f 185 198 186
f 186 198 199
f 186 199 187
f 187 199 200
f 187 200 188
f 188 200 201
f 188 201 189
f 189 201 202
f 189 202 190
f 190 202 203
f 190 203 191
f 191 203 204
f 191 204 192
f 192 204 205
f 192 205 193
f 193 205 206
f 193 206 194
f 194 206 207
f 194 207 195
f 195 207 196
f 195 196 184
f 208 197 196
f 208 198 197
f 208 199 198
f 208 200 199
f 208 201 200
f 208 202 201
f 208 203 202
f 208 204 203
f 208 205 204
f 208 206 205
f 208 207 206
f 208 196 207
o hips
v 0.00000 0.53000 -0.16000
v 0.04592 0.52087 -0.16000
v 0.03977 0.52087 -0.18487
v 0.02296 0.52087 -0.20308
v 0.00000 0.52087 -0.20975
v -0.02296 0.52087 -0.20308
v -0.03977 0.52087 -0.18487
v -0.04592 0.52087 -0.16000
v -0.03977 0.52087 -0.13513
v -0.02296 0.52087 -0.11692
v -0.00000 0.52087 -0.11025
v 0.02296 0.52087 -0.11692
v 0.03977 0.52087 -0.13513
v 0.08485 0.49485 -0.16000
v 0.07348 0.49485 -0.20596
v 0.04243 0.49485 -0.23961
v 0.00000 0.49485 -0.25192
v -0.04243 0.49485 -0.23961
v -0.07348 0.49485 -0.20596
v -0.08485 0.49485 -0.16000
v -0.07348 0.49485 -0.11404
v -0.04243 0.49485 -0.08039
v -0.00000 0.49485 -0.06808
v 0.04243 0.49485 -0.08039
v 0.07348 0.49485 -0.11404
v 0.11087 0.45592 -0.16000
v 0.09601 0.45592 -0.22005
v 0.05543 0.45592 -0.26401
v 0.00000 0.45592 -0.28010
v -0.05543 0.45592 -0.26401
v -0.09601 0.45592 -0.22005
v -0.11087 0.45592 -0.16000
v -0.09601 0.45592 -0.09995
v -0.05543 0.45592 -0.05599
v -0.00000 0.45592 -0.03990
v 0.05543 0.45592 -0.05599
v 0.09601 0.45592 -0.09995
v 0.12000 0.41000 -0.16000
v 0.10392 0.41000 -0.22500
v 0.06000 0.41000 -0.27258
v 0.00000 0.41000 -0.29000
v -0.06000 0.41000 -0.27258
v -0.10392 0.41000 -0.22500
v -0.12000 0.41000 -0.16000
v -0.10392 0.41000 -0.09500
v -0.06000 0.41000 -0.04742
v -0.00000 0.41000 -0.03000
v 0.06000 0.41000 -0.04742
v 0.10392 0.41000 -0.09500
v 0.11087 0.36408 -0.16000
v 0.09601 0.36408 -0.22005
v 0.05543 0.36408 -0.26401
v 0.00000 0.36408 -0.28010
v -0.05543 0.36408 -0.26401
v -0.09601 0.36408 -0.22005
v -0.11087 0.36408 -0.16000
v -0.09601 0.36408 -0.09995
v -0.05543 0.36408 -0.05599
v -0.00000 0.36408 -0.03990
v 0.05543 0.36408 -0.05599
v 0.09601 0.36408 -0.09995
v 0.08485 0.32515 -0.16000
v 0.07348 0.32515 -0.20596
v 0.04243 0.32515 -0.23961
v 0.00000 0.32515 -0.25192
v -0.04243 0.32515 -0.23961
v -0.07348 0.32515 -0.20596
v -0.08485 0.32515 -0.16000
v -0.07348 0.32515 -0.11404
v -0.04243 0.32515 -0.08039
v -0.00000 0.32515 -0.06808
v 0.04243 0.32515 -0.08039
v 0.07348 0.32515 -0.11404
v 0.04592 0.29913 -0.16000
v 0.03977 0.29913 -0.18487
v 0.02296 0.29913 -0.20308
v 0.00000 0.29913 -0.20975
v -0.02296 0.29913 -0.20308
v -0.03977 0.29913 -0.18487
v -0.04592 0.29913 -0.16000
v -0.03977 0.29913 -0.13513
v -0.02296 0.29913 -0.11692
v -0.00000 0.29913 -0.11025
v 0.02296 0.29913 -0.11692
v 0.03977 0.29913 -0.13513
v 0.00000 0.29000 -0.16000
usemtl fur
f 209 210 211
f 209 211 212
f 209 212 213
f 209 213 214
f 209 214 215
f 209 215 216
f 209 216 217
f 209 217 218
f 209 218 219
f 209 219 220
f 209 220 221
f 209 221 210
f 210 222 223
f 210 223 211
f 211 223 224
f 211 224 212
f 212 224 225
f 212 225 213
f 213 225 226
f 213 226 214
f 214 226 227
f 214 227 215
f 215 227 228
f 215 228 216
f 216 228 229
f 216 229 217
f 217 229 230
f 217 230 218
f 218 230 231
f 218 231 219
f 219 231 232
f 219 232 220
f 220 232 233
f 220 233 221
f 221 233 222
f 221 222 210
f 222 234 235
f 222 235 223
f 223 235 236
f 223 236 224
f 224 236 237
f 224 237 225
f 225 237 238
f 225 238 226
f 226 238 239
f 226 239 227
f 227 239 240
f 227 240 228
f 228 240 241
f 228 241 229
f 229 241 242
f 229 242 230
f 230 242 243
f 230 243 231
f 231 243 244
f 231 244 232
f 232 244 245
f 232 245 233
f 233 245 234
f 233 234 222
f 234 246 247
f 234 247 235
f 235 247 248
f 235 248 236
f 236 248 249
f 236 249 237
f 237 249 250
f 237 250 238
f 238 250 251
f 238 251 239
f 239 251 252
f 239 252 240
f 240 252 253
f 240 253 241
f 241 253 254
f 241 254 242
f 242 254 255
f 242 255 243
f 243 255 256
f 243 256 244
f 244 256 257
f 244 257 245
f 245 257 246
f 245 246 234
f 246 258 259
f 246 259 247
f 247 259 260
f 247 260 248
f 248 260 261
f 248 261 249
f 249 261 262
f 249 262 250
f 250 262 263
f 250 263 251
f 251 263 264
f 251 264 252
f 252 264 265
f 252 265 253
f 253 265 266
f 253 266 254
f 254 266 267
f 254 267 255
f 255 267 268
f 255 268 256
f 256 268 269
f 256 269 257
f 257 269 258
f 257 258 246
f 258 270 271
f 258 271 259
f 259 271 272
f 259 272 260
f 260 272 273
f 260 273 261
f 261 273 274
f 261 274 262
f 262 274 275
f 262 275 263
f 263 275 276
f 263 276 264
f 264 276 277
f 264 277 265
f 265 277 278
f 265 278 266
f 266 278 279
f 266 279 267
f 267 279 280
f 267 280 268
f 268 280 281
f 268 281 269
f 269 281 270
f 269 270 258
f 270 282 283
f 270 283 271
f 271 283 284
f 271 284 272
f 272 284 285
f 272 285 273
f 273 285 286
f 273 286 274
f 274 286 287
f 274 287 275
f 275 287 288
f 275 288 276
f 276 288 289
f 276 289 277
f 277 289 290
f 277 290 278
f 278 290 291
f 278 291 279
f 279 291 292
f 279 292 280
f 280 292 293
f 280 293 281
f 281 293 282
f 281 282 270
f 294 283 282
f 294 284 283
f 294 285 284
f 294 286 285
f 294 287 286
f 294 288 287
f 294 289 288
f 294 290 289
f 294 291 290
f 294 292 291
f 294 293 292
f 294 282 293
o belly
v 0.00000 0.40500 -0.00000
v 0.03827 0.39929 -0.00000
v 0.03314 0.39929 -0.03253
v 0.01913 0.39929 -0.05634
v 0.00000 0.39929 -0.06506
v -0.01913 0.39929 -0.05634
v -0.03314 0.39929 -0.03253
v -0.03827 0.39929 -0.00000
v -0.03314 0.39929 0.03253
v -0.01913 0.39929 0.05634
v -0.00000 0.39929 0.06506
v 0.01913 0.39929 0.05634
v 0.03314 0.39929 0.03253
v 0.07071 0.38303 -0.00000
v 0.06124 0.38303 -0.06010
v 0.03536 0.38303 -0.10410
v 0.00000 0.38303 -0.12021
v -0.03536 0.38303 -0.10410
v -0.06124 0.38303 -0.06010
v -0.07071 0.38303 -0.00000
v -0.06124 0.38303 0.06010
v -0.03536 0.38303 0.10410
v -0.00000 0.38303 0.12021
v 0.03536 0.38303 0.10410
v 0.06124 0.38303 0.06010
v 0.09239 0.35870 -0.00000
v 0.08001 0.35870 -0.07853
v 0.04619 0.35870 -0.13602
v 0.00000 0.35870 -0.15706
v -0.04619 0.35870 -0.13602
v -0.08001 0.35870 -0.07853
v -0.09239 0.35870 -0.00000
v -0.08001 0.35870 0.07853
v -0.04619 0.35870 0.13602
v -0.00000 0.35870 0.15706
v 0.04619 0.35870 0.13602
v 0.08001 0.35870 0.07853
v 0.10000 0.33000 -0.00000
v 0.08660 0.33000 -0.08500
v 0.05000 0.33000 -0.14722
v 0.00000 0.33000 -0.17000
v -0.05000 0.33000 -0.14722
v -0.08660 0.33000 -0.08500
v -0.10000 0.33000 -0.00000
v -0.08660 0.33000 0.08500
v -0.05000 0.33000 0.14722
v -0.00000 0.33000 0.17000
v 0.05000 0.33000 0.14722
v 0.08660 0.33000 0.08500
v 0.09239 0.30130 -0.00000
v 0.08001 0.30130 -0.07853
v 0.04619 0.30130 -0.13602
v 0.00000 0.30130 -0.15706
v -0.04619 0.30130 -0.13602
v -0.08001 0.30130 -0.07853
v -0.09239 0.30130 -0.00000
v -0.08001 0.30130 0.07853
v -0.04619 0.30130 0.13602
v -0.00000 0.30130 0.15706
v 0.04619 0.30130 0.13602
v 0.08001 0.30130 0.07853
v 0.07071 0.27697 -0.00000
v 0.06124 0.27697 -0.06010
v 0.03536 0.27697 -0.10410
v 0.00000 0.27697 -0.12021
v -0.03536 0.27697 -0.10410
v -0.06124 0.27697 -0.06010
v -0.07071 0.27697 -0.00000
v -0.06124 0.27697 0.06010
v -0.03536 0.27697 0.10410
v -0.00000 0.27697 0.12021
v 0.03536 0.27697 0.10410
v 0.06124 0.27697 0.06010
v 0.03827 0.26071 -0.00000
v 0.03314 0.26071 -0.03253
v 0.01913 0.26071 -0.05634
v 0.00000 0.26071 -0.06506
v -0.01913 0.26071 -0.05634
v -0.03314 0.26071 -0.03253
v -0.03827 0.26071 -0.00000
v -0.03314 0.26071 0.03253
v -0.01913 0.26071 0.05634
v -0.00000 0.26071 0.06506
v 0.01913 0.26071 0.05634
v 0.03314 0.26071 0.03253
v 0.00000 0.25500 -0.00000
usemtl cream
f 295 296 297
f 295 297 298
f 295 298 299
f 295 299 300
f 295 300 301
f 295 301 302
f 295 302 303
f 295 303 304
f 295 304 305
f 295 305 306
f 295 306 307
f 295 307 296
f 296 308 309
f 296 309 297
f 297 309 310
f 297 310 298
f 298 310 311
f 298 311 299
f 299 311 312
f 299 312 300
f 300 312 313
f 300 313 301
f 301 313 314
f 301 314 302
f 302 314 315
f 302 315 303
f 303 315 316
f 303 316 304
f 304 316 317
f 304 317 305
f 305 317 318
f 305 318 306
f 306 318 319
f 306 319 307
f 307 319 308
f 307 308 296
f 308 320 321
f 308 321 309
f 309 321 322
f 309 322 310
f 310 322 323
f 310 323 311
f 311 323 324
f 311 324 312
f 312 324 325
f 312 325 313
f 313 325 326
f 313 326 314
f 314 326 327
f 314 327 315
f 315 327 328
f 315 328 316
f 316 328 329
f 316 329 317
f 317 329 330
f 317 330 318
f 318 330 331
f 318 331 319
f 319 331 320
f 319 320 308
f 320 332 333
f 320 333 321
f 321 333 334
f 321 334 322
f 322 334 335
f 322 335 323
f 323 335 336
f 323 336 324
f 324 336 337
f 324 337 325
f 325 337 338
f 325 338 326
f 326 338 339
f 326 339 327
f 327 339 340
f 327 340 328
f 328 340 341
f 328 341 329
f 329 341 342
f 329 342 330
f 330 342 343
f 330 343 331
f 331 343 332
f 331 332 320
f 332 344 345
f 332 345 333
f 333 345 346
f 333 346 334
f 334 346 347
f 334 347 335
f 335 347 348
f 335 348 336
f 336 348 349
f 336 349 337
f 337 349 350
f 337 350 338
f 338 350 351
f 338 351 339
f 339 351 352
f 339 352 340
f 340 352 353
f 340 353 341
f 341 353 354
f 341 354 342
f 342 354 355
f 342 355 343
f 343 355 344
f 343 344 332
f 344 356 357
f 344 357 345
f 345 357 358
f 345 358 346
f 346 358 359
f 346 359 347
f 347 359 360
f 347 360 348
f 348 360 361
f 348 361 349
f 349 361 362
f 349 362 350
f 350 362 363
f 350 363 351
f 351 363 364
f 351 364 352
f 352 364 365
f 352 365 353
f 353 365 366
f 353 366 354
f 354 366 367
f 354 367 355
f 355 367 356
f 355 356 344
f 356 368 369
f 356 369 357
f 357 369 370
f 357 370 358
f 358 370 371
f 358 371 359
f 359 371 372
f 359 372 360
f 360 372 373
f 360 373 361
f 361 373 374
f 361 374 362
f 362 374 375
f 362 375 363
f 363 375 376
f 363 376 364
f 364 376 377
f 364 377 365
f 365 377 378
f 365 378 366
f 366 378 379
f 366 379 367
f 367 379 368
f 367 368 356
f 380 369 368
f 380 370 369
f 380 371 370
f 380 372 371
f 380 373 372
f 380 374 373
f 380 375 374
f 380 376 375
f 380 377 376
f 380 378 377
f 380 379 378
f 380 368 379
o neck
v 0.00000 0.39450 0.13955
v -0.02318 0.39722 0.14202
v -0.02007 0.38943 0.15059
v -0.01159 0.38372 0.15687
v -0.00000 0.38163 0.15917
v 0.01159 0.38372 0.15687
v 0.02007 0.38943 0.15059
v 0.02318 0.39722 0.14202
v 0.02007 0.40502 0.13344
v 0.01159 0.41072 0.12717
v 0.00000 0.41281 0.12487
v -0.01159 0.41072 0.12717
v -0.02007 0.40502 0.13344
v -0.04408 0.40510 0.14918
v -0.03818 0.39028 0.16549
v -0.02204 0.37942 0.17743
v -0.00000 0.37545 0.18180
v 0.02204 0.37942 0.17743
v 0.03818 0.39028 0.16549
v 0.04408 0.40510 0.14918
v 0.03818 0.41993 0.13288
v 0.02204 0.43078 0.12094
v 0.00000 0.43476 0.11657
v -0.02204 0.43078 0.12094
v -0.03818 0.41993 0.13288
v -0.06068 0.41738 0.16035
v -0.05255 0.39697 0.18279
v -0.03034 0.38203 0.19923
v -0.00000 0.37657 0.20524
v 0.03034 0.38203 0.19923
v 0.05255 0.39697 0.18279
v 0.06068 0.41738 0.16035
v 0.05255 0.43779 0.13790
v 0.03034 0.45273 0.12146
v 0.00000 0.45820 0.11545
v -0.03034 0.45273 0.12146
v -0.05255 0.43779 0.13790
v -0.07133 0.43285 0.17441
v -0.06177 0.40886 0.20080
v -0.03566 0.39130 0.22012
v -0.00000 0.38487 0.22719
v 0.03566 0.39130 0.22012
v 0.06177 0.40886 0.20080
v 0.07133 0.43285 0.17441
v 0.06177 0.45684 0.14802
v 0.03566 0.47440 0.12870
v 0.00000 0.48083 0.12163
v -0.03566 0.47440 0.12870
v -0.06177 0.45684 0.14802
v -0.07500 0.45000 0.19000
v -0.06495 0.42477 0.21775
v -0.03750 0.40631 0.23806
v -0.00000 0.39955 0.24550
v 0.03750 0.40631 0.23806
v 0.06495 0.42477 0.21775
v 0.07500 0.45000 0.19000
v 0.06495 0.47523 0.16225
v 0.03750 0.49369 0.14194
v 0.00000 0.50045 0.13450
v -0.03750 0.49369 0.14194
v -0.06495 0.47523 0.16225
v -0.06500 0.56000 0.29000
v -0.05629 0.53814 0.31405
v -0.03250 0.52213 0.33165
v -0.00000 0.51628 0.33810
v 0.03250 0.52213 0.33165
v 0.05629 0.53814 0.31405
v 0.06500 0.56000 0.29000
v 0.05629 0.58186 0.26595
v 0.03250 0.59787 0.24835
v 0.00000 0.60372 0.24190
v -0.03250 0.59787 0.24835
v -0.05629 0.58186 0.26595
v -0.06182 0.57486 0.30351
v -0.05354 0.55407 0.32638
v -0.03091 0.53885 0.34313
v -0.00000 0.53328 0.34925
v 0.03091 0.53885 0.34313
v 0.05354 0.55407 0.32638
v 0.06182 0.57486 0.30351
v 0.05354 0.59565 0.28064
v 0.03091 0.61088 0.26390
v 0.00000 0.61645 0.25777
v -0.03091 0.61088 0.26390
v -0.05354 0.59565 0.28064
v -0.05259 0.58827 0.31570
v -0.04554 0.57058 0.33516
v -0.02629 0.55764 0.34940
v -0.00000 0.55290 0.35461
v 0.02629 0.55764 0.34940
v 0.04554 0.57058 0.33516
v 0.05259 0.58827 0.31570
v 0.04554 0.60596 0.29624
v 0.02629 0.61890 0.28200
v 0.00000 0.62364 0.27679
v -0.02629 0.61890 0.28200
v -0.04554 0.60596 0.29624
v -0.03821 0.59891 0.32537
v -0.03309 0.58606 0.33951
v -0.01910 0.57665 0.34986
v -0.00000 0.57321 0.35364
v 0.01910 0.57665 0.34986
v 0.03309 0.58606 0.33951
v 0.03821 0.59891 0.32537
v 0.03309 0.61176 0.31124
v 0.01910 0.62117 0.30089
v 0.00000 0.62461 0.29710
v -0.01910 0.62117 0.30089
v -0.03309 0.61176 0.31124
v -0.02009 0.60574 0.33158
v -0.01740 0.59899 0.33901
v -0.01004 0.59404 0.34446
v -0.00000 0.59223 0.34645
v 0.01004 0.59404 0.34446
v 0.01740 0.59899 0.33901
v 0.02009 0.60574 0.33158
v 0.01740 0.61250 0.32415
v 0.01004 0.61744 0.31871
v 0.00000 0.61925 0.31672
v -0.01004 0.61744 0.31871
v -0.01740 0.61250 0.32415
v 0.00000 0.60810 0.33372
usemtl fur
f 381 383 382
f 381 384 383
f 381 385 384
f 381 386 385
f 381 387 386
f 381 388 387
f 381 389 388
f 381 390 389
f 381 391 390
f 381 392 391
f 381 393 392
f 381 382 393
f 382 394 395
f 382 395 383
f 383 395 396
f 383 396 384
f 384 396 397
f 384 397 385
f 385 397 398
f 385 398 386
f 386 398 399
f 386 399 387
f 387 399 400
f 387 400 388
f 388 400 401
f 388 401 389
f 389 401 402
f 389 402 390
f 390 402 403
f 390 403 391
f 391 403 404
f 391 404 392
f 392 404 405
f 392 405 393
f 393 405 394
f 393 394 382
f 394 406 407
f 394 407 395
f 395 407 408
f 395 408 396
f 396 408 409
f 396 409 397
f 397 409 410
f 397 410 398
f 398 410 411
f 398 411 399
f 399 411 412
f 399 412 400
f 400 412 413
f 400 413 401
f 401 413 414
f 401 414 402
f 402 414 415
f 402 415 403
f 403 415 416
f 403 416 404
f 404 416 417
f 404 417 405
f 405 417 406
f 405 406 394
f 406 418 419
f 406 419 407
f 407 419 420
f 407 420 408
f 408 420 421
f 408 421 409
f 409 421 422
f 409 422 410
f 410 422 423
f 410 423 411
f 411 423 424
f 411 424 412
f 412 424 425
f 412 425 413
f 413 425 426
f 413 426 414
f 414 426 427
f 414 427 415
f 415 427 428
f 415 428 416
f 416 428 429
f 416 429 417
f 417 429 418
f 417 418 406
f 418 430 431
f 418 431 419
f 419 431 432
f 419 432 420
f 420 432 433
f 420 433 421
f 421 433 434
f 421 434 422
f 422 434 435
f 422 435 423
f 423 435 436
f 423 436 424
f 424 436 437
f 424 437 425
f 425 437 438
f 425 438 426
f 426 438 439
f 426 439 427
f 427 439 440
f 427 440 428
f 428 440 441
f 428 441 429
f 429 441 430
f 429 430 418
f 430 442 443
f 430 443 431
f 431 443 444
f 431 444 432
f 432 444 445
f 432 445 433
f 433 445 446
f 433 446 434
f 434 446 447
f 434 447 435
f 435 447 448
f 435 448 436
f 436 448 449
f 436 449 437
f 437 449 450
f 437 450 438
f 438 450 451
f 438 451 439
f 439 451 452
f 439 452 440
f 440 452 453
f 440 453 441
f 441 453 442
f 441 442 430
f 442 454 455
f 442 455 443
f 443 455 456
f 443 456 444
f 444 456 457
f 444 457 445
f 445 457 458
f 445 458 446
f 446 458 459
f 446 459 447
f 447 459 460
f 447 460 448
f 448 460 461
f 448 461 449
f 449 461 462
f 449 462 450
f 450 462 463
f 450 463 451
f 451 463 464
f 451 464 452
f 452 464 465
f 452 465 453
f 453 465 454
f 453 454 442
f 454 466 467
f 454 467 455
f 455 467 468
f 455 468 456
f 456 468 469
f 456 469 457
f 457 469 470
f 457 470 458
f 458 470 471
f 458 471 459
f 459 471 472
f 459 472 460
f 460 472 473
f 460 473 461
f 461 473 474
f 461 474 462
f 462 474 475
f 462 475 463
f 463 475 476
f 463 476 464
f 464 476 477
f 464 477 465
f 465 477 466
f 465 466 454
f 466 478 479
f 466 479 467
f 467 479 480
f 467 480 468
f 468 480 481
f 468 481 469
f 469 481 482
f 469 482 470
f 470 482 483
f 470 483 471
f 471 483 484
f 471 484 472
f 472 484 485
f 472 485 473
f 473 485 486
f 473 486 474
f 474 486 487
f 474 487 475
f 475 487 488
f 475 488 476
f 476 488 489
f 476 489 477
f 477 489 478
f 477 478 466
f 478 490 491
f 478 491 479
f 479 491 492
f 479 492 480
f 480 492 493
f 480 493 481
f 481 493 494
f 481 494 482
f 482 494 495
f 482 495 483
f 483 495 496
f 483 496 484
f 484 496 497
f 484 497 485
f 485 497 498
f 485 498 486
f 486 498 499
f 486 499 487
f 487 499 500
f 487 500 488
f 488 500 501
f 488 501 489
f 489 501 490
f 489 490 478
f 502 490 491
f 502 491 492
f 502 492 493
f 502 493 494
f 502 494 495
f 502 495 496
f 502 496 497
f 502 497 498
f 502 498 499
f 502 499 500
f 502 500 501
f 502 501 490
o head
v 0.00000 0.67000 0.33000
v 0.03253 0.66353 0.33000
v 0.02817 0.66353 0.31182
v 0.01626 0.66353 0.29852
v 0.00000 0.66353 0.29365
v -0.01626 0.66353 0.29852
v -0.02817 0.66353 0.31182
v -0.03253 0.66353 0.33000
v -0.02817 0.66353 0.34818
v -0.01626 0.66353 0.36148
v -0.00000 0.66353 0.36635
v 0.01626 0.66353 0.36148
v 0.02817 0.66353 0.34818
v 0.06010 0.64510 0.33000
v 0.05205 0.64510 0.29641
v 0.03005 0.64510 0.27182
v 0.00000 0.64510 0.26282
v -0.03005 0.64510 0.27182
v -0.05205 0.64510 0.29641
v -0.06010 0.64510 0.33000
v -0.05205 0.64510 0.36359
v -0.03005 0.64510 0.38818
v -0.00000 0.64510 0.39718
v 0.03005 0.64510 0.38818
v 0.05205 0.64510 0.36359
v 0.07853 0.61753 0.33000
v 0.06801 0.61753 0.28612
v 0.03926 0.61753 0.25399
v 0.00000 0.61753 0.24223
v -0.03926 0.61753 0.25399
v -0.06801 0.61753 0.28612
v -0.07853 0.61753 0.33000
v -0.06801 0.61753 0.37388
v -0.03926 0.61753 0.40601
v -0.00000 0.61753 0.41777
v 0.03926 0.61753 0.40601
v 0.06801 0.61753 0.37388
v 0.08500 0.58500 0.33000
v 0.07361 0.58500 0.28250
v 0.04250 0.58500 0.24773
v 0.00000 0.58500 0.23500
v -0.04250 0.58500 0.24773
v -0.07361 0.58500 0.28250
v -0.08500 0.58500 0.33000
v -0.07361 0.58500 0.37750
v -0.04250 0.58500 0.41227
v -0.00000 0.58500 0.42500
v 0.04250 0.58500 0.41227
v 0.07361 0.58500 0.37750
v 0.07853 0.55247 0.33000
v 0.06801 0.55247 0.28612
v 0.03926 0.55247 0.25399
v 0.00000 0.55247 0.24223
v -0.03926 0.55247 0.25399
v -0.06801 0.55247 0.28612
v -0.07853 0.55247 0.33000
v -0.06801 0.55247 0.37388
v -0.03926 0.55247 0.40601
v -0.00000 0.55247 0.41777
v 0.03926 0.55247 0.40601
v 0.06801 0.55247 0.37388
v 0.06010 0.52490 0.33000
v 0.05205 0.52490 0.29641
v 0.03005 0.52490 0.27182
v 0.00000 0.52490 0.26282
v -0.03005 0.52490 0.27182
v -0.05205 0.52490 0.29641
v -0.06010 0.52490 0.33000
v -0.05205 0.52490 0.36359
v -0.03005 0.52490 0.38818
v -0.00000 0.52490 0.39718
v 0.03005 0.52490 0.38818
v 0.05205 0.52490 0.36359
v 0.03253 0.50647 0.33000
v 0.02817 0.50647 0.31182
v 0.01626 0.50647 0.29852
v 0.00000 0.50647 0.29365
v -0.01626 0.50647 0.29852
v -0.02817 0.50647 0.31182
v -0.03253 0.50647 0.33000
v -0.02817 0.50647 0.34818
v -0.01626 0.50647 0.36148
v -0.00000 0.50647 0.36635
v 0.01626 0.50647 0.36148
v 0.02817 0.50647 0.34818
v 0.00000 0.50000 0.33000
usemtl fur
f 503 504 505
f 503 505 506
f 503 506 507
f 503 507 508
f 503 508 509
f 503 509 510
f 503 510 511
f 503 511 512
f 503 512 513
f 503 513 514
f 503 514 515
f 503 515 504
f 504 516 517
f 504 517 505
f 505 517 518
f 505 518 506
f 506 518 519
f 506 519 507
f 507 519 520
f 507 520 508
f 508 520 521
f 508 521 509
f 509 521 522
f 509 522 510
f 510 522 523
f 510 523 511
f 511 523 524
f 511 524 512
f 512 524 525
f 512 525 513
f 513 525 526
f 513 526 514
f 514 526 527
f 514 527 515
f 515 527 516
f 515 516 504
f 516 528 529
f 516 529 517
f 517 529 530
f 517 530 518
f 518 530 531
f 518 531 519
f 519 531 532
f 519 532 520
f 520 532 533
f 520 533 521
f 521 533 534
f 521 534 522
f 522 534 535
f 522 535 523
f 523 535 536
f 523 536 524
f 524 536 537
f 524 537 525
f 525 537 538
f 525 538 526
f 526 538 539
f 526 539 527
f 527 539 528
f 527 528 516
f 528 540 541
f 528 541 529
f 529 541 542
f 529 542 530
f 530 542 543
f 530 543 531
f 531 543 544
f 531 544 532
f 532 544 545
f 532 545 533
f 533 545 546
f 533 546 534
f 534 546 547
f 534 547 535
f 535 547 548
f 535 548 536
f 536 548 549
f 536 549 537
f 537 549 550
f 537 550 538
f 538 550 551
f 538 551 539
f 539 551 540
f 539 540 528
f 540 552 553
f 540 553 541
f 541 553 554
f 541 554 542
f 542 554 555
f 542 555 543
f 543 555 556
f 543 556 544
f 544 556 557
f 544 557 545
f 545 557 558
f 545 558 546
f 546 558 559
f 546 559 547
f 547 559 560
f 547 560 548
f 548 560 561
f 548 561 549
f 549 561 562
f 549 562 550
f 550 562 563
f 550 563 551
f 551 563 552
f 551 552 540
f 552 564 565
f 552 565 553
f 553 565 566
f 553 566 554
f 554 566 567
f 554 567 555
f 555 567 568
f 555 568 556
f 556 568 569
f 556 569 557
f 557 569 570
f 557 570 558
f 558 570 571
f 558 571 559
f 559 571 572
f 559 572 560
f 560 572 573
f 560 573 561
f 561 573 574
f 561 574 562
f 562 574 575
f 562 575 563
f 563 575 564
f 563 564 552
f 564 576 577
f 564 577 565
f 565 577 578
f 565 578 566
f 566 578 579
f 566 579 567
f 567 579 580
f 567 580 568
f 568 580 581
f 568 581 569
f 569 581 582
f 569 582 570
f 570 582 583
f 570 583 571
f 571 583 584
f 571 584 572
f 572 584 585
f 572 585 573
f 573 585 586
f 573 586 574
f 574 586 587
f 574 587 575
f 575 587 576
f 575 576 564
f 588 577 576
f 588 578 577
f 588 579 578
f 588 580 579
f 588 581 580
f 588 582 581
f 588 583 582
f 588 584 583
f 588 585 584
f 588 586 585
f 588 587 586
f 588 576 587
o muzzle
v 0.00000 0.58168 0.29626
v -0.01700 0.58111 0.29889
v -0.01472 0.57281 0.29708
v -0.00850 0.56673 0.29576
v -0.00000 0.56450 0.29528
v 0.00850 0.56673 0.29576
v 0.01472 0.57281 0.29708
v 0.01700 0.58111 0.29889
v 0.01472 0.58942 0.30069
v 0.00850 0.59549 0.30201
v 0.00000 0.59772 0.30250
v -0.00850 0.59549 0.30201
v -0.01472 0.58942 0.30069
v -0.03233 0.57945 0.30652
v -0.02800 0.56366 0.30309
v -0.01616 0.55209 0.30057
v -0.00000 0.54786 0.29965
v 0.01616 0.55209 0.30057
v 0.02800 0.56366 0.30309
v 0.03233 0.57945 0.30652
v 0.02800 0.59525 0.30995
v 0.01616 0.60681 0.31247
v 0.00000 0.61104 0.31339
v -0.01616 0.60681 0.31247
v -0.02800 0.59525 0.30995
v -0.04450 0.57687 0.31841
v -0.03853 0.55513 0.31368
v -0.02225 0.53921 0.31022
v -0.00000 0.53339 0.30896
v 0.02225 0.53921 0.31022
v 0.03853 0.55513 0.31368
v 0.04450 0.57687 0.31841
v 0.03853 0.59861 0.32314
v 0.02225 0.61452 0.32660
v 0.00000 0.62035 0.32786
v -0.02225 0.61452 0.32660
v -0.03853 0.59861 0.32314
v -0.05231 0.57361 0.33339
v -0.04530 0.54805 0.32784
v -0.02615 0.52934 0.32377
v -0.00000 0.52250 0.32228
v 0.02615 0.52934 0.32377
v 0.04530 0.54805 0.32784
v 0.05231 0.57361 0.33339
v 0.04530 0.59917 0.33895
v 0.02615 0.61788 0.34302
v 0.00000 0.62472 0.34450
v -0.02615 0.61788 0.34302
v -0.04530 0.59917 0.33895
v -0.05500 0.57000 0.35000
v -0.04763 0.54313 0.34416
v -0.02750 0.52346 0.33988
v -0.00000 0.51626 0.33832
v 0.02750 0.52346 0.33988
v 0.04763 0.54313 0.34416
v 0.05500 0.57000 0.35000
v 0.04763 0.59687 0.35584
v 0.02750 0.61654 0.36012
v 0.00000 0.62374 0.36168
v -0.02750 0.61654 0.36012
v -0.04763 0.59687 0.35584
v -0.04200 0.54500 0.46500
v -0.03637 0.52448 0.46054
v -0.02100 0.50946 0.45727
v -0.00000 0.50396 0.45608
v 0.02100 0.50946 0.45727
v 0.03637 0.52448 0.46054
v 0.04200 0.54500 0.46500
v 0.03637 0.56552 0.46946
v 0.02100 0.58054 0.47273
v 0.00000 0.58604 0.47392
v -0.02100 0.58054 0.47273
v -0.03637 0.56552 0.46946
v -0.03994 0.54224 0.47768
v -0.03459 0.52273 0.47344
v -0.01997 0.50844 0.47033
v -0.00000 0.50321 0.46920
v 0.01997 0.50844 0.47033
v 0.03459 0.52273 0.47344
v 0.03994 0.54224 0.47768
v 0.03459 0.56176 0.48193
v 0.01997 0.57605 0.48503
v 0.00000 0.58128 0.48617
v -0.01997 0.57605 0.48503
v -0.03459 0.56176 0.48193
v -0.03398 0.53976 0.48912
v -0.02943 0.52315 0.48551
v -0.01699 0.51100 0.48287
v -0.00000 0.50655 0.48191
v 0.01699 0.51100 0.48287
v 0.02943 0.52315 0.48551
v 0.03398 0.53976 0.48912
v 0.02943 0.55636 0.49273
v 0.01699 0.56851 0.49537
v 0.00000 0.57296 0.49634
v -0.01699 0.56851 0.49537
v -0.02943 0.55636 0.49273
v -0.02469 0.53778 0.49820
v -0.02138 0.52572 0.49558
v -0.01234 0.51689 0.49366
v -0.00000 0.51366 0.49296
v 0.01234 0.51689 0.49366
v 0.02138 0.52572 0.49558
v 0.02469 0.53778 0.49820
v 0.02138 0.54984 0.50083
v 0.01234 0.55867 0.50274
v 0.00000 0.56191 0.50345
v -0.01234 0.55867 0.50274
v -0.02138 0.54984 0.50083
v -0.01298 0.53651 0.50403
v -0.01124 0.53017 0.50265
v -0.00649 0.52553 0.50165
v -0.00000 0.52383 0.50128
v 0.00649 0.52553 0.50165
v 0.01124 0.53017 0.50265
v 0.01298 0.53651 0.50403
v 0.01124 0.54286 0.50541
v 0.00649 0.54750 0.50642
v 0.00000 0.54920 0.50679
v -0.00649 0.54750 0.50642
v -0.01124 0.54286 0.50541
v 0.00000 0.53608 0.50604
usemtl cream
f 589 591 590
f 589 592 591
f 589 593 592
f 589 594 593
f 589 595 594
f 589 596 595
f 589 597 596
f 589 598 597
f 589 599 598
f 589 600 599
f 589 601 600
f 589 590 601
f 590 602 603
f 590 603 591
f 591 603 604
f 591 604 592
f 592 604 605
f 592 605 593
f 593 605 606
f 593 606 594
f 594 606 607
f 594 607 595
f 595 607 608
f 595 608 596
f 596 608 609
f 596 609 597
f 597 609 610
f 597 610 598
f 598 610 611
f 598 611 599
f 599 611 612
f 599 612 600
f 600 612 613
f 600 613 601
f 601 613 602
f 601 602 590
f 602 614 615
f 602 615 603
f 603 615 616
f 603 616 604
f 604 616 617
f 604 617 605
f 605 617 618
f 605 618 606
f 606 618 619
f 606 619 607
f 607 619 620
f 607 620 608
f 608 620 621
f 608 621 609
f 609 621 622
f 609 622 610
f 610 622 623
f 610 623 611
f 611 623 624
f 611 624 612
f 612 624 625
f 612 625 613
f 613 625 614
f 613 614 602
f 614 626 627
f 614 627 615
f 615 627 628
f 615 628 616
f 616 628 629
f 616 629 617
f 617 629 630
f 617 630 618
f 618 630 631
f 618 631 619
f 619 631 632
f 619 632 620
f 620 632 633
f 620 633 621
f 621 633 634
f 621 634 622
f 622 634 635
f 622 635 623
f 623 635 636
f 623 636 624
f 624 636 637
f 624 637 625
f 625 637 626
f 625 626 614
f 626 638 639
f 626 639 627
f 627 639 640
f 627 640 628
f 628 640 641
f 628 641 629
f 629 641 642
f 629 642 630
f 630 642 643
f 630 643 631
f 631 643 644
f 631 644 632
f 632 644 645
f 632 645 633
f 633 645 646
f 633 646 634
f 634 646 647
f 634 647 635
f 635 647 648
f 635 648 636
f 636 648 649
f 636 649 637
f 637 649 638
f 637 638 626
f 638 650 651
f 638 651 639
f 639 651 652
f 639 652 640
f 640 652 653
f 640 653 641
f 641 653 654
f 641 654 642
f 642 654 655
f 642 655 643
f 643 655 656
f 643 656 644
f 644 656 657
f 644 657 645
f 645 657 658
f 645 658 646
f 646 658 659
f 646 659 647
f 647 659 660
f 647 660 648
f 648 660 661
f 648 661 649
f 649 661 650
f 649 650 638
f 650 662 663
f 650 663 651
f 651 663 664
f 651 664 652
f 652 664 665
f 652 665 653
f 653 665 666
f 653 666 654
f 654 666 667
f 654 667 655
f 655 667 668
f 655 668 656
f 656 668 669
f 656 669 657
f 657 669 670
f 657 670 658
f 658 670 671
f 658 671 659
f 659 671 672
f 659 672 660
f 660 672 673
f 660 673 661
f 661 673 662
f 661 662 650
f 662 674 675
f 662 675 663
f 663 675 676
f 663 676 664
f 664 676 677
f 664 677 665
f 665 677 678
f 665 678 666
f 666 678 679
f 666 679 667
f 667 679 680
f 667 680 668
f 668 680 681
f 668 681 669
f 669 681 682
f 669 682 670
f 670 682 683
f 670 683 671
f 671 683 684
f 671 684 672
f 672 684 685
f 672 685 673
f 673 685 674
f 673 674 662
f 674 686 687
f 674 687 675
f 675 687 688
f 675 688 676
f 676 688 689
f 676 689 677
f 677 689 690
f 677 690 678
f 678 690 691
f 678 691 679
f 679 691 692
f 679 692 680
f 680 692 693
f 680 693 681
f 681 693 694
f 681 694 682
f 682 694 695
f 682 695 683
f 683 695 696
f 683 696 684
f 684 696 697
f 684 697 685
f 685 697 686
f 685 686 674
f 686 698 699
f 686 699 687
f 687 699 700
f 687 700 688
f 688 700 701
f 688 701 689
f 689 701 702
f 689 702 690
f 690 702 703
f 690 703 691
f 691 703 704
f 691 704 692
f 692 704 705
f 692 705 693
f 693 705 706
f 693 706 694
f 694 706 707
f 694 707 695
f 695 707 708
f 695 708 696
f 696 708 709
f 696 709 697
f 697 709 698
f 697 698 686
f 710 698 699
f 710 699 700
f 710 700 701
f 710 701 702
f 710 702 703
f 710 703 704
f 710 704 705
f 710 705 706
f 710 706 707
f 710 707 708
f 710 708 709
f 710 709 698
o nose
v 0.00000 0.58200 0.47000
v 0.01148 0.58002 0.47000
v 0.00994 0.58002 0.46503
v 0.00574 0.58002 0.46138
v 0.00000 0.58002 0.46005
v -0.00574 0.58002 0.46138
v -0.00994 0.58002 0.46503
v -0.01148 0.58002 0.47000
v -0.00994 0.58002 0.47497
v -0.00574 0.58002 0.47862
v -0.00000 0.58002 0.47995
v 0.00574 0.58002 0.47862
v 0.00994 0.58002 0.47497
v 0.02121 0.57438 0.47000
v 0.01837 0.57438 0.46081
v 0.01061 0.57438 0.45408
v 0.00000 0.57438 0.45162
v -0.01061 0.57438 0.45408
v -0.01837 0.57438 0.46081
v -0.02121 0.57438 0.47000
v -0.01837 0.57438 0.47919
v -0.01061 0.57438 0.48592
v -0.00000 0.57438 0.48838
v 0.01061 0.57438 0.48592
v 0.01837 0.57438 0.47919
v 0.02772 0.56595 0.47000
v 0.02400 0.56595 0.45799
v 0.01386 0.56595 0.44920
v 0.00000 0.56595 0.44598
v -0.01386 0.56595 0.44920
v -0.02400 0.56595 0.45799
v -0.02772 0.56595 0.47000
v -0.02400 0.56595 0.48201
v -0.01386 0.56595 0.49080
v -0.00000 0.56595 0.49402
v 0.01386 0.56595 0.49080
v 0.02400 0.56595 0.48201
v 0.03000 0.55600 0.47000
v 0.02598 0.55600 0.45700
v 0.01500 0.55600 0.44748
v 0.00000 0.55600 0.44400
v -0.01500 0.55600 0.44748
v -0.02598 0.55600 0.45700
v -0.03000 0.55600 0.47000
v -0.02598 0.55600 0.48300
v -0.01500 0.55600 0.49252
v -0.00000 0.55600 0.49600
v 0.01500 0.55600 0.49252
v 0.02598 0.55600 0.48300
v 0.02772 0.54605 0.47000
v 0.02400 0.54605 0.45799
v 0.01386 0.54605 0.44920
v 0.00000 0.54605 0.44598
v -0.01386 0.54605 0.44920
v -0.02400 0.54605 0.45799
v -0.02772 0.54605 0.47000
v -0.02400 0.54605 0.48201
v -0.01386 0.54605 0.49080
v -0.00000 0.54605 0.49402
v 0.01386 0.54605 0.49080
v 0.02400 0.54605 0.48201
v 0.02121 0.53762 0.47000
v 0.01837 0.53762 0.46081
v 0.01061 0.53762 0.45408
v 0.00000 0.53762 0.45162
v -0.01061 0.53762 0.45408
v -0.01837 0.53762 0.46081
v -0.02121 0.53762 0.47000
v -0.01837 0.53762 0.47919
v -0.01061 0.53762 0.48592
v -0.00000 0.53762 0.48838
v 0.01061 0.53762 0.48592
v 0.01837 0.53762 0.47919
v 0.01148 0.53198 0.47000
v 0.00994 0.53198 0.46503
v 0.00574 0.53198 0.46138
v 0.00000 0.53198 0.46005
v -0.00574 0.53198 0.46138
v -0.00994 0.53198 0.46503
v -0.01148 0.53198 0.47000
v -0.00994 0.53198 0.47497
v -0.00574 0.53198 0.47862
v -0.00000 0.53198 0.47995
v 0.00574 0.53198 0.47862
v 0.00994 0.53198 0.47497
v 0.00000 0.53000 0.47000
usemtl pink
f 711 712 713
f 711 713 714
f 711 714 715
f 711 715 716
f 711 716 717
f 711 717 718
f 711 718 719
f 711 719 720
f 711 720 721
f 711 721 722
f 711 722 723
f 711 723 712
f 712 724 725
f 712 725 713
f 713 725 726
f 713 726 714
f 714 726 727
f 714 727 715
f 715 727 728
f 715 728 716
f 716 728 729
f 716 729 717
f 717 729 730
f 717 730 718
f 718 730 731
f 718 731 719
f 719 731 732
f 719 732 720
f 720 732 733
f 720 733 721
f 721 733 734
f 721 734 722
f 722 734 735
f 722 735 723
f 723 735 724
f 723 724 712
f 724 736 737
f 724 737 725
f 725 737 738
f 725 738 726
f 726 738 739
f 726 739 727
f 727 739 740
f 727 740 728
f 728 740 741
f 728 741 729
f 729 741 742
f 729 742 730
f 730 742 743
f 730 743 731
f 731 743 744
f 731 744 732
f 732 744 745
f 732 745 733
f 733 745 746
f 733 746 734
f 734 746 747
f 734 747 735
f 735 747 736
f 735 736 724
f 736 748 749
f 736 749 737
f 737 749 750
f 737 750 738
f 738 750 751
f 738 751 739
f 739 751 752
f 739 752 740
f 740 752 753
f 740 753 741
f 741 753 754
f 741 754 742
f 742 754 755
f 742 755 743
f 743 755 756
f 743 756 744
f 744 756 757
f 744 757 745
f 745 757 758
f 745 758 746
f 746 758 759
f 746 759 747
f 747 759 748
f 747 748 736
f 748 760 761
f 748 761 749
f 749 761 762
f 749 762 750
f 750 762 763
f 750 763 751
f 751 763 764
f 751 764 752
f 752 764 765
f 752 765 753
f 753 765 766
f 753 766 754
f 754 766 767
f 754 767 755
f 755 767 768
f 755 768 756
f 756 768 769
f 756 769 757
f 757 769 770
f 757 770 758
f 758 770 771
f 758 771 759
f 759 771 760
f 759 760 748
f 760 772 773
f 760 773 761
f 761 773 774
f 761 774 762
f 762 774 775
f 762 775 763
f 763 775 776
f 763 776 764
f 764 776 777
f 764 777 765
f 765 777 778
f 765 778 766
f 766 778 779
f 766 779 767
f 767 779 780
f 767 780 768
f 768 780 781
f 768 781 769
f 769 781 782
f 769 782 770
f 770 782 783
f 770 783 771
f 771 783 772
f 771 772 760
f 772 784 785
f 772 785 773
f 773 785 786
f 773 786 774
f 774 786 787
f 774 787 775
f 775 787 788
f 775 788 776
f 776 788 789
f 776 789 777
f 777 789 790
f 777 790 778
f 778 790 791
f 778 791 779
f 779 791 792
f 779 792 780
f 780 792 793
f 780 793 781
f 781 793 794
f 781 794 782
f 782 794 795
f 782 795 783
f 783 795 784
f 783 784 772
f 796 785 784
f 796 786 785
f 796 787 786
f 796 788 787
f 796 789 788
f 796 790 789
f 796 791 790
f 796 792 791
f 796 793 792
f 796 794 793
f 796 795 794
f 796 784 795
o jaw
v 0.00000 0.55000 0.39000
v 0.01722 0.54833 0.39000
v 0.01491 0.54833 0.37661
v 0.00861 0.54833 0.36680
v 0.00000 0.54833 0.36321
v -0.00861 0.54833 0.36680
v -0.01491 0.54833 0.37661
v -0.01722 0.54833 0.39000
v -0.01491 0.54833 0.40339
v -0.00861 0.54833 0.41320
v -0.00000 0.54833 0.41679
v 0.00861 0.54833 0.41320
v 0.01491 0.54833 0.40339
v 0.03182 0.54356 0.39000
v 0.02756 0.54356 0.36525
v 0.01591 0.54356 0.34713
v 0.00000 0.54356 0.34050
v -0.01591 0.54356 0.34713
v -0.02756 0.54356 0.36525
v -0.03182 0.54356 0.39000
v -0.02756 0.54356 0.41475
v -0.01591 0.54356 0.43287
v -0.00000 0.54356 0.43950
v 0.01591 0.54356 0.43287
v 0.02756 0.54356 0.41475
v 0.04157 0.53642 0.39000
v 0.03600 0.53642 0.35766
v 0.02079 0.53642 0.33399
v 0.00000 0.53642 0.32533
v -0.02079 0.53642 0.33399
v -0.03600 0.53642 0.35766
v -0.04157 0.53642 0.39000
v -0.03600 0.53642 0.42234
v -0.02079 0.53642 0.44601
v -0.00000 0.53642 0.45467
v 0.02079 0.53642 0.44601
v 0.03600 0.53642 0.42234
v 0.04500 0.52800 0.39000
v 0.03897 0.52800 0.35500
v 0.02250 0.52800 0.32938
v 0.00000 0.52800 0.32000
v -0.02250 0.52800 0.32938
v -0.03897 0.52800 0.35500
v -0.04500 0.52800 0.39000
v -0.03897 0.52800 0.42500
v -0.02250 0.52800 0.45062
v -0.00000 0.52800 0.46000
v 0.02250 0.52800 0.45062
v 0.03897 0.52800 0.42500
v 0.04157 0.51958 0.39000
v 0.03600 0.51958 0.35766
v 0.02079 0.51958 0.33399
v 0.00000 0.51958 0.32533
v -0.02079 0.51958 0.33399
v -0.03600 0.51958 0.35766
v -0.04157 0.51958 0.39000
v -0.03600 0.51958 0.42234
v -0.02079 0.51958 0.44601
v -0.00000 0.51958 0.45467
v 0.02079 0.51958 0.44601
v 0.03600 0.51958 0.42234
v 0.03182 0.51244 0.39000
v 0.02756 0.51244 0.36525
v 0.01591 0.51244 0.34713
v 0.00000 0.51244 0.34050
v -0.01591 0.51244 0.34713
v -0.02756 0.51244 0.36525
v -0.03182 0.51244 0.39000
v -0.02756 0.51244 0.41475
v -0.01591 0.51244 0.43287
v -0.00000 0.51244 0.43950
v 0.01591 0.51244 0.43287
v 0.02756 0.51244 0.41475
v 0.01722 0.50767 0.39000
v 0.01491 0.50767 0.37661
v 0.00861 0.50767 0.36680
v 0.00000 0.50767 0.36321
v -0.00861 0.50767 0.36680
v -0.01491 0.50767 0.37661
v -0.01722 0.50767 0.39000
v -0.01491 0.50767 0.40339
v -0.00861 0.50767 0.41320
v -0.00000 0.50767 0.41679
v 0.00861 0.50767 0.41320
v 0.01491 0.50767 0.40339
v 0.00000 0.50600 0.39000
usemtl cream
f 797 798 799
f 797 799 800
f 797 800 801
f 797 801 802
f 797 802 803
f 797 803 804
f 797 804 805
f 797 805 806
f 797 806 807
f 797 807 808
f 797 808 809
f 797 809 798
f 798 810 811
f 798 811 799
f 799 811 812
f 799 812 800
f 800 812 813
f 800 813 801
f 801 813 814
f 801 814 802
f 802 814 815
f 802 815 803
f 803 815 816
f 803 816 804
f 804 816 817
f 804 817 805
f 805 817 818
f 805 818 806
f 806 818 819
f 806 819 807
f 807 819 820
f 807 820 808
f 808 820 821
f 808 821 809
f 809 821 810
f 809 810 798
f 810 822 823
f 810 823 811
f 811 823 824
f 811 824 812
f 812 824 825
f 812 825 813
f 813 825 826
f 813 826 814
f 814 826 827
f 814 827 815
f 815 827 828
f 815 828 816
f 816 828 829
f 816 829 817
f 817 829 830
f 817 830 818
f 818 830 831
f 818 831 819
f 819 831 832
f 819 832 820
f 820 832 833
f 820 833 821
f 821 833 822
f 821 822 810
f 822 834 835
f 822 835 823
f 823 835 836
f 823 836 824
f 824 836 837
f 824 837 825
f 825 837 838
f 825 838 826
f 826 838 839
f 826 839 827
f 827 839 840
f 827 840 828
f 828 840 841
f 828 841 829
f 829 841 842
f 829 842 830
f 830 842 843
f 830 843 831
f 831 843 844
f 831 844 832
f 832 844 845
f 832 845 833
f 833 845 834
f 833 834 822
f 834 846 847
f 834 847 835
f 835 847 848
f 835 848 836
f 836 848 849
f 836 849 837
f 837 849 850
f 837 850 838
f 838 850 851
f 838 851 839
f 839 851 852
f 839 852 840
f 840 852 853
f 840 853 841
f 841 853 854
f 841 854 842
f 842 854 855
f 842 855 843
f 843 855 856
f 843 856 844
f 844 856 857
f 844 857 845
f 845 857 846
f 845 846 834
f 846 858 859
f 846 859 847
f 847 859 860
f 847 860 848
f 848 860 861
f 848 861 849
f 849 861 862
f 849 862 850
f 850 862 863
f 850 863 851
f 851 863 864
f 851 864 852
f 852 864 865
f 852 865 853
f 853 865 866
f 853 866 854
f 854 866 867
f 854 867 855
f 855 867 868
f 855 868 856
f 856 868 869
f 856 869 857
f 857 869 858
f 857 858 846
f 858 870 871
f 858 871 859
f 859 871 872
f 859 872 860
f 860 872 873
f 860 873 861
f 861 873 874
f 861 874 862
f 862 874 875
f 862 875 863
f 863 875 876
f 863 876 864
f 864 876 877
f 864 877 865
f 865 877 878
f 865 878 866
f 866 878 879
f 866 879 867
f 867 879 880
f 867 880 868
f 868 880 881
f 868 881 869
f 869 881 870
f 869 870 858
f 882 871 870
f 882 872 871
f 882 873 872
f 882 874 873
f 882 875 874
f 882 876 875
f 882 877 876
f 882 878 877
f 882 879 878
f 882 880 879
f 882 881 880
f 882 870 881
o tongue
v -0.02200 0.50500 0.49000
v -0.02200 0.51900 0.49000
v -0.02200 0.50500 0.42000
v -0.02200 0.51900 0.42000
v 0.02200 0.50500 0.49000
v 0.02200 0.51900 0.49000
v 0.02200 0.50500 0.42000
v 0.02200 0.51900 0.42000
usemtl pink
f 883 884 886
f 883 886 885
f 887 889 890
f 887 890 888
f 883 887 888
f 883 888 884
f 885 886 890
f 885 890 889
f 883 885 889
f 883 889 887
f 884 888 890
f 884 890 886
o ear_left
v 0.05155 0.65233 0.30622
v 0.05206 0.65035 0.31666
v 0.04706 0.64879 0.31519
v 0.04340 0.64776 0.31130
v 0.04206 0.64752 0.30603
v 0.04340 0.64815 0.30080
v 0.04706 0.64948 0.29700
v 0.05206 0.65114 0.29566
v 0.05706 0.65270 0.29712
v 0.06072 0.65374 0.30101
v 0.06206 0.65398 0.30628
v 0.06072 0.65335 0.31151
v 0.05706 0.65202 0.31531
v 0.05354 0.64541 0.32595
v 0.04404 0.64244 0.32316
v 0.03707 0.64046 0.31577
v 0.03453 0.64002 0.30575
v 0.03707 0.64121 0.29580
v 0.04404 0.64374 0.28857
v 0.05354 0.64691 0.28601
v 0.06305 0.64988 0.28880
v 0.07001 0.65185 0.29620
v 0.07256 0.65230 0.30621
v 0.07001 0.65110 0.31617
v 0.06305 0.64858 0.32339
v 0.05586 0.63797 0.33320
v 0.04277 0.63388 0.32936
v 0.03319 0.63117 0.31918
v 0.02968 0.63055 0.30540
v 0.03319 0.63220 0.29170
v 0.04277 0.63567 0.28175
v 0.05586 0.64004 0.27823
v 0.06894 0.64412 0.28207
v 0.07852 0.64684 0.29225
v 0.08203 0.64745 0.30603
v 0.07852 0.64581 0.31973
v 0.06894 0.64233 0.32968
v 0.05877 0.62878 0.33769
v 0.04338 0.62397 0.33317
v 0.03212 0.62078 0.32121
v 0.02800 0.62006 0.30500
v 0.03212 0.62199 0.28890
v 0.04338 0.62608 0.27720
v 0.05877 0.63121 0.27306
v 0.07415 0.63601 0.27758
v 0.08542 0.63920 0.28954
v 0.08954 0.63992 0.30575
v 0.08542 0.63799 0.32186
v 0.07415 0.63391 0.33355
v 0.06200 0.61872 0.33898
v 0.04582 0.61367 0.33423
v 0.03398 0.61032 0.32165
v 0.02965 0.60955 0.30461
v 0.03398 0.61159 0.28767
v 0.04582 0.61588 0.27538
v 0.06200 0.62128 0.27102
v 0.07818 0.62633 0.27577
v 0.09002 0.62968 0.28835
v 0.09435 0.63045 0.30539
v 0.09002 0.62841 0.32233
v 0.07818 0.62412 0.33462
v 0.10500 0.48595 0.32798
v 0.09168 0.48179 0.32407
v 0.08193 0.47902 0.31371
v 0.07836 0.47840 0.29968
v 0.08193 0.48008 0.28573
v 0.09168 0.48361 0.27561
v 0.10500 0.48805 0.27202
v 0.11832 0.49221 0.27593
v 0.12807 0.49498 0.28629
v 0.13164 0.49560 0.30032
v 0.12807 0.49392 0.31427
v 0.11832 0.49039 0.32439
v 0.10766 0.47777 0.32630
v 0.09499 0.47382 0.32258
v 0.08572 0.47119 0.31273
v 0.08232 0.47059 0.29938
v 0.08572 0.47219 0.28612
v 0.09499 0.47555 0.27649
v 0.10766 0.47977 0.27308
v 0.12033 0.48373 0.27680
v 0.12961 0.48636 0.28665
v 0.13300 0.48695 0.30000
v 0.12961 0.48536 0.31326
v 0.12033 0.48200 0.32289
v 0.11006 0.47050 0.32205
v 0.09928 0.46713 0.31888
v 0.09139 0.46490 0.31050
v 0.08850 0.46439 0.29915
v 0.09139 0.46575 0.28787
v 0.09928 0.46861 0.27968
v 0.11006 0.47220 0.27678
v 0.12084 0.47557 0.27994
v 0.12873 0.47780 0.28832
v 0.13162 0.47831 0.29967
v 0.12873 0.47695 0.31096
v 0.12084 0.47409 0.31915
v 0.11196 0.46484 0.31564
v 0.10413 0.46240 0.31334
v 0.09840 0.46077 0.30725
v 0.09630 0.46040 0.29900
v 0.09840 0.46139 0.29080
v 0.10413 0.46347 0.28485
v 0.11196 0.46608 0.28274
v 0.11979 0.46852 0.28504
v 0.12553 0.47015 0.29113
v 0.12763 0.47052 0.29938
v 0.12553 0.46953 0.30758
v 0.11979 0.46745 0.31353
v 0.11319 0.46135 0.30769
v 0.10907 0.46007 0.30649
v 0.10606 0.45921 0.30328
v 0.10495 0.45902 0.29895
v 0.10606 0.45954 0.29464
v 0.10907 0.46063 0.29151
v 0.11319 0.46200 0.29040
v 0.11730 0.46329 0.29161
v 0.12032 0.46414 0.29481
v 0.12142 0.46434 0.29915
v 0.12032 0.46382 0.30346
v 0.11730 0.46273 0.30659
v 0.11361 0.46037 0.29900
usemtl fur
f 891 893 892
f 891 894 893
f 891 895 894
f 891 896 895
f 891 897 896
f 891 898 897
f 891 899 898
f 891 900 899
f 891 901 900
f 891 902 901
f 891 903 902
f 891 892 903
f 892 904 905
f 892 905 893
f 893 905 906
f 893 906 894
f 894 906 907
f 894 907 895
f 895 907 908
f 895 908 896
f 896 908 909
f 896 909 897
f 897 909 910
f 897 910 898
f 898 910 911
f 898 911 899
f 899 911 912
f 899 912 900
f 900 912 913
f 900 913 901
f 901 913 914
f 901 914 902
f 902 914 915
f 902 915 903
f 903 915 904
f 903 904 892
f 904 916 917
f 904 917 905
f 905 917 918
f 905 918 906
f 906 918 919
f 906 919 907
f 907 919 920
f 907 920 908
f 908 920 921
f 908 921 909
f 909 921 922
f 909 922 910
f 910 922 923
f 910 923 911
f 911 923 924
f 911 924 912
f 912 924 925
f 912 925 913
f 913 925 926
f 913 926 914
f 914 926 927
f 914 927 915
f 915 927 916
f 915 916 904
f 916 928 929
f 916 929 917
f 917 929 930
f 917 930 918
f 918 930 931
f 918 931 919
f 919 931 932
f 919 932 920
f 920 932 933
f 920 933 921
f 921 933 934
f 921 934 922
f 922 934 935
f 922 935 923
f 923 935 936
f 923 936 924
f 924 936 937
f 924 937 925
f 925 937 938
f 925 938 926
f 926 938 939
f 926 939 927
f 927 939 928
f 927 928 916
f 928 940 941
f 928 941 929
f 929 941 942
f 929 942 930
f 930 942 943
f 930 943 931
f 931 943 944
f 931 944 932
f 932 944 945
f 932 945 933
f 933 945 946
f 933 946 934
f 934 946 947
f 934 947 935
f 935 947 948
f 935 948 936
f 936 948 949
f 936 949 937
f 937 949 950
f 937 950 938
f 938 950 951
f 938 951 939
f 939 951 940
f 939 940 928
f 940 952 953
f 940 953 941
f 941 953 954
f 941 954 942
f 942 954 955
f 942 955 943
f 943 955 956
f 943 956 944
f 944 956 957
f 944 957 945
f 945 957 958
f 945 958 946
f 946 958 959
f 946 959 947
f 947 959 960
f 947 960 948
f 948 960 961
f 948 961 949
f 949 961 962
f 949 962 950
f 950 962 963
f 950 963 951
f 951 963 952
f 951 952 940
f 952 964 965
f 952 965 953
f 953 965 966
f 953 966 954
f 954 966 967
f 954 967 955
f 955 967 968
f 955 968 956
f 956 968 969
f 956 969 957
f 957 969 970
f 957 970 958
f 958 970 971
f 958 971 959
f 959 971 972
f 959 972 960
f 960 972 973
f 960 973 961
f 961 973 974
f 961 974 962
f 962 974 975
f 962 975 963
f 963 975 964
f 963 964 952
f 964 976 977
f 964 977 965
f 965 977 978
f 965 978 966
f 966 978 979
f 966 979 967
f 967 979 980
f 967 980 968
f 968 980 981
f 968 981 969
f 969 981 982
f 969 982 970
f 970 982 983
f 970 983 971
f 971 983 984
f 971 984 972
f 972 984 985
f 972 985 973
f 973 985 986
f 973 986 974
f 974 986 987
f 974 987 975
f 975 987 976
f 975 976 964
f 976 988 989
f 976 989 977
f 977 989 990
f 977 990 978
f 978 990 991
f 978 991 979
f 979 991 992
f 979 992 980
f 980 992 993
f 980 993 981
f 981 993 994
f 981 994 982
f 982 994 995
f 982 995 983
f 983 995 996
f 983 996 984
f 984 996 997
f 984 997 985
f 985 997 998
f 985 998 986
f 986 998 999
f 986 999 987
f 987 999 988
f 987 988 976
f 988 1000 1001
f 988 1001 989
f 989 1001 1002
f 989 1002 990
f 990 1002 1003
f 990 1003 991
f 991 1003 1004
f 991 1004 992
f 992 1004 1005
f 992 1005 993
f 993 1005 1006
f 993 1006 994
f 994 1006 1007
f 994 1007 995
f 995 1007 1008
f 995 1008 996
f 996 1008 1009
f 996 1009 997
f 997 1009 1010
f 997 1010 998
f 998 1010 1011
f 998 1011 999
f 999 1011 1000
f 999 1000 988
f 1012 1000 1001
f 1012 1001 1002
f 1012 1002 1003
f 1012 1003 1004
f 1012 1004 1005
f 1012 1005 1006
f 1012 1006 1007
f 1012 1007 1008
f 1012 1008 1009
f 1012 1009 1010
f 1012 1010 1011
f 1012 1011 1000
o ear_inner_left
v 0.06488 0.61828 0.31091
v 0.06513 0.61709 0.31673
v 0.06231 0.61634 0.31591
v 0.06024 0.61587 0.31373
v 0.05948 0.61580 0.31079
v 0.06024 0.61616 0.30787
v 0.06231 0.61684 0.30575
v 0.06513 0.61767 0.30501
v 0.06796 0.61842 0.30583
v 0.07003 0.61889 0.30801
v 0.07079 0.61896 0.31095
v 0.07003 0.61860 0.31387
v 0.06796 0.61792 0.31599
v 0.06586 0.61423 0.32189
v 0.06048 0.61280 0.32032
v 0.05655 0.61190 0.31619
v 0.05510 0.61178 0.31059
v 0.05655 0.61246 0.30503
v 0.06048 0.61377 0.30100
v 0.06586 0.61534 0.29959
v 0.07124 0.61677 0.30115
v 0.07517 0.61767 0.30529
v 0.07662 0.61779 0.31089
v 0.07517 0.61711 0.31645
v 0.07124 0.61580 0.32047
v 0.06699 0.60997 0.32589
v 0.05959 0.60801 0.32373
v 0.05417 0.60678 0.31803
v 0.05219 0.60661 0.31033
v 0.05417 0.60754 0.30268
v 0.05959 0.60934 0.29714
v 0.06699 0.61151 0.29518
v 0.07439 0.61347 0.29735
v 0.07981 0.61471 0.30304
v 0.08180 0.61488 0.31074
v 0.07981 0.61394 0.31839
v 0.07439 0.61214 0.32394
v 0.06842 0.60474 0.32833
v 0.05972 0.60244 0.32579
v 0.05335 0.60099 0.31910
v 0.05102 0.60079 0.31004
v 0.05335 0.60189 0.30105
v 0.05972 0.60400 0.29453
v 0.06842 0.60655 0.29223
v 0.07712 0.60886 0.29477
v 0.08349 0.61031 0.30147
v 0.08582 0.61051 0.31053
v 0.08349 0.60941 0.31952
v 0.07712 0.60730 0.32603
v 0.07000 0.59905 0.32898
v 0.06085 0.59662 0.32631
v 0.05415 0.59510 0.31927
v 0.05170 0.59489 0.30974
v 0.05415 0.59605 0.30029
v 0.06085 0.59827 0.29344
v 0.07000 0.60095 0.29102
v 0.07915 0.60338 0.29369
v 0.08585 0.60490 0.30073
v 0.08830 0.60511 0.31026
v 0.08585 0.60395 0.31971
v 0.07915 0.60173 0.32656
v 0.09800 0.49930 0.31898
v 0.09126 0.49751 0.31702
v 0.08632 0.49639 0.31183
v 0.08452 0.49623 0.30481
v 0.08632 0.49709 0.29785
v 0.09126 0.49872 0.29280
v 0.09800 0.50070 0.29102
v 0.10474 0.50249 0.29298
v 0.10968 0.50361 0.29817
v 0.11148 0.50377 0.30519
v 0.10968 0.50291 0.31215
v 0.10474 0.50128 0.31720
v 0.09917 0.49517 0.31809
v 0.09275 0.49347 0.31622
v 0.08806 0.49240 0.31129
v 0.08634 0.49226 0.30461
v 0.08806 0.49307 0.29799
v 0.09275 0.49462 0.29319
v 0.09917 0.49650 0.29149
v 0.10558 0.49821 0.29336
v 0.11027 0.49927 0.29830
v 0.11199 0.49942 0.30497
v 0.11027 0.49861 0.31160
v 0.10558 0.49705 0.31640
v 0.10022 0.49152 0.31592
v 0.09476 0.49007 0.31432
v 0.09077 0.48916 0.31013
v 0.08931 0.48904 0.30445
v 0.09077 0.48973 0.29882
v 0.09476 0.49105 0.29473
v 0.10022 0.49265 0.29329
v 0.10567 0.49410 0.29488
v 0.10966 0.49501 0.29908
v 0.11112 0.49513 0.30476
v 0.10966 0.49444 0.31039
v 0.10567 0.49312 0.31448
v 0.10105 0.48869 0.31267
v 0.09709 0.48764 0.31152
v 0.09419 0.48698 0.30847
v 0.09313 0.48689 0.30434
v 0.09419 0.48739 0.30025
v 0.09709 0.48836 0.29728
v 0.10105 0.48952 0.29624
v 0.10501 0.49057 0.29739
v 0.10791 0.49123 0.30044
v 0.10898 0.49132 0.30457
v 0.10791 0.49082 0.30866
v 0.10501 0.48986 0.31163
v 0.10159 0.48698 0.30868
v 0.09950 0.48642 0.30807
v 0.09798 0.48608 0.30647
v 0.09742 0.48603 0.30430
v 0.09798 0.48629 0.30215
v 0.09950 0.48680 0.30059
v 0.10159 0.48741 0.30004
v 0.10367 0.48796 0.30065
v 0.10519 0.48831 0.30225
v 0.10575 0.48836 0.30442
v 0.10519 0.48809 0.30657
v 0.10367 0.48759 0.30813
v 0.10177 0.48653 0.30433
usemtl pink
f 1013 1015 1014
f 1013 1016 1015
f 1013 1017 1016
f 1013 1018 1017
f 1013 1019 1018
f 1013 1020 1019
f 1013 1021 1020
f 1013 1022 1021
f 1013 1023 1022
f 1013 1024 1023
f 1013 1025 1024
f 1013 1014 1025
f 1014 1026 1027
f 1014 1027 1015
f 1015 1027 1028
f 1015 1028 1016
f 1016 1028 1029
f 1016 1029 1017
f 1017 1029 1030
f 1017 1030 1018
f 1018 1030 1031
f 1018 1031 1019
f 1019 1031 1032
f 1019 1032 1020
f 1020 1032 1033
f 1020 1033 1021
f 1021 1033 1034
f 1021 1034 1022
f 1022 1034 1035
f 1022 1035 1023
f 1023 1035 1036
f 1023 1036 1024
f 1024 1036 1037
f 1024 1037 1025
f 1025 1037 1026
f 1025 1026 1014
f 1026 1038 1039
f 1026 1039 1027
f 1027 1039 1040
f 1027 1040 1028
f 1028 1040 1041
f 1028 1041 1029
f 1029 1041 1042
f 1029 1042 1030
f 1030 1042 1043
f 1030 1043 1031
f 1031 1043 1044
f 1031 1044 1032
f 1032 1044 1045
f 1032 1045 1033
f 1033 1045 1046
f 1033 1046 1034
f 1034 1046 1047
f 1034 1047 1035
f 1035 1047 1048
f 1035 1048 1036
f 1036 1048 1049
f 1036 1049 1037
f 1037 1049 1038
f 1037 1038 1026
f 1038 1050 1051
f 1038 1051 1039
f 1039 1051 1052
f 1039 1052 1040
f 1040 1052 1053
f 1040 1053 1041
f 1041 1053 1054
f 1041 1054 1042
f 1042 1054 1055
f 1042 1055 1043
f 1043 1055 1056
f 1043 1056 1044
f 1044 1056 1057
f 1044 1057 1045
f 1045 1057 1058
f 1045 1058 1046
f 1046 1058 1059
f 1046 1059 1047
f 1047 1059 1060
f 1047 1060 1048
f 1048 1060 1061
f 1048 1061 1049
f 1049 1061 1050
f 1049 1050 1038
f 1050 1062 1063
f 1050 1063 1051
f 1051 1063 1064
f 1051 1064 1052
f 1052 1064 1065
f 1052 1065 1053
f 1053 1065 1066
f 1053 1066 1054
f 1054 1066 1067
f 1054 1067 1055
f 1055 1067 1068
f 1055 1068 1056
f 1056 1068 1069
f 1056 1069 1057
f 1057 1069 1070
f 1057 1070 1058
f 1058 1070 1071
f 1058 1071 1059
f 1059 1071 1072
f 1059 1072 1060
f 1060 1072 1073
f 1060 1073 1061
f 1061 1073 1062
f 1061 1062 1050
f 1062 1074 1075
f 1062 1075 1063
f 1063 1075 1076
f 1063 1076 1064
f 1064 1076 1077
f 1064 1077 1065
f 1065 1077 1078
f 1065 1078 1066
f 1066 1078 1079
f 1066 1079 1067
f 1067 1079 1080
f 1067 1080 1068
f 1068 1080 1081
f 1068 1081 1069
f 1069 1081 1082
f 1069 1082 1070
f 1070 1082 1083
f 1070 1083 1071
f 1071 1083 1084
f 1071 1084 1072
f 1072 1084 1085
f 1072 1085 1073
f 1073 1085 1074
f 1073 1074 1062
f 1074 1086 1087
f 1074 1087 1075
f 1075 1087 1088
f 1075 1088 1076
f 1076 1088 1089
f 1076 1089 1077
f 1077 1089 1090
f 1077 1090 1078
f 1078 1090 1091
f 1078 1091 1079
f 1079 1091 1092
f 1079 1092 1080
f 1080 1092 1093
f 1080 1093 1081
f 1081 1093 1094
f 1081 1094 1082
f 1082 1094 1095
f 1082 1095 1083
f 1083 1095 1096
f 1083 1096 1084
f 1084 1096 1097
f 1084 1097 1085
f 1085 1097 1086
f 1085 1086 1074
f 1086 1098 1099
f 1086 1099 1087
f 1087 1099 1100
f 1087 1100 1088
f 1088 1100 1101
f 1088 1101 1089
f 1089 1101 1102
f 1089 1102 1090
f 1090 1102 1103
f 1090 1103 1091
f 1091 1103 1104
f 1091 1104 1092
f 1092 1104 1105
f 1092 1105 1093
f 1093 1105 1106
f 1093 1106 1094
f 1094 1106 1107
f 1094 1107 1095
f 1095 1107 1108
f 1095 1108 1096
f 1096 1108 1109
f 1096 1109 1097
f 1097 1109 1098
f 1097 1098 1086
f 1098 1110 1111
f 1098 1111 1099
f 1099 1111 1112
f 1099 1112 1100
f 1100 1112 1113
f 1100 1113 1101
f 1101 1113 1114
f 1101 1114 1102
f 1102 1114 1115
f 1102 1115 1103
f 1103 1115 1116
f 1103 1116 1104
f 1104 1116 1117
f 1104 1117 1105
f 1105 1117 1118
f 1105 1118 1106
f 1106 1118 1119
f 1106 1119 1107
f 1107 1119 1120
f 1107 1120 1108
f 1108 1120 1121
f 1108 1121 1109
f 1109 1121 1110
f 1109 1110 1098
f 1110 1122 1123
f 1110 1123 1111
f 1111 1123 1124
f 1111 1124 1112
f 1112 1124 1125
f 1112 1125 1113
f 1113 1125 1126
f 1113 1126 1114
f 1114 1126 1127
f 1114 1127 1115
f 1115 1127 1128
f 1115 1128 1116
f 1116 1128 1129
f 1116 1129 1117
f 1117 1129 1130
f 1117 1130 1118
f 1118 1130 1131
f 1118 1131 1119
f 1119 1131 1132
f 1119 1132 1120
f 1120 1132 1133
f 1120 1133 1121
f 1121 1133 1122
f 1121 1122 1110
f 1134 1122 1123
f 1134 1123 1124
f 1134 1124 1125
f 1134 1125 1126
f 1134 1126 1127
f 1134 1127 1128
f 1134 1128 1129
f 1134 1129 1130
f 1134 1130 1131
f 1134 1131 1132
f 1134 1132 1133
f 1134 1133 1122
o eyeball_left
v 0.04600 0.63700 0.39200
v 0.05480 0.63525 0.39200
v 0.05362 0.63525 0.38760
v 0.05040 0.63525 0.38438
v 0.04600 0.63525 0.38320
v 0.04160 0.63525 0.38438
v 0.03838 0.63525 0.38760
v 0.03720 0.63525 0.39200
v 0.03838 0.63525 0.39640
v 0.04160 0.63525 0.39962
v 0.04600 0.63525 0.40080
v 0.05040 0.63525 0.39962
v 0.05362 0.63525 0.39640
v 0.06226 0.63026 0.39200
v 0.06008 0.63026 0.38387
v 0.05413 0.63026 0.37792
v 0.04600 0.63026 0.37574
v 0.03787 0.63026 0.37792
v 0.03192 0.63026 0.38387
v 0.02974 0.63026 0.39200
v 0.03192 0.63026 0.40013
v 0.03787 0.63026 0.40608
v 0.04600 0.63026 0.40826
v 0.05413 0.63026 0.40608
v 0.06008 0.63026 0.40013
v 0.06725 0.62280 0.39200
v 0.06440 0.62280 0.38138
v 0.05662 0.62280 0.37360
v 0.04600 0.62280 0.37075
v 0.03538 0.62280 0.37360
v 0.02760 0.62280 0.38138
v 0.02475 0.62280 0.39200
v 0.02760 0.62280 0.40262
v 0.03538 0.62280 0.41040
v 0.04600 0.62280 0.41325
v 0.05662 0.62280 0.41040
v 0.06440 0.62280 0.40262
v 0.06900 0.61400 0.39200
v 0.06592 0.61400 0.38050
v 0.05750 0.61400 0.37208
v 0.04600 0.61400 0.36900
v 0.03450 0.61400 0.37208
v 0.02608 0.61400 0.38050
v 0.02300 0.61400 0.39200
v 0.02608 0.61400 0.40350
v 0.03450 0.61400 0.41192
v 0.04600 0.61400 0.41500
v 0.05750 0.61400 0.41192
v 0.06592 0.61400 0.40350
v 0.06725 0.60520 0.39200
v 0.06440 0.60520 0.38138
v 0.05662 0.60520 0.37360
v 0.04600 0.60520 0.37075
v 0.03538 0.60520 0.37360
v 0.02760 0.60520 0.38138
v 0.02475 0.60520 0.39200
v 0.02760 0.60520 0.40262
v 0.03538 0.60520 0.41040
v 0.04600 0.60520 0.41325
v 0.05662 0.60520 0.41040
v 0.06440 0.60520 0.40262
v 0.06226 0.59774 0.39200
v 0.06008 0.59774 0.38387
v 0.05413 0.59774 0.37792
v 0.04600 0.59774 0.37574
v 0.03787 0.59774 0.37792
v 0.03192 0.59774 0.38387
v 0.02974 0.59774 0.39200
v 0.03192 0.59774 0.40013
v 0.03787 0.59774 0.40608
v 0.04600 0.59774 0.40826
v 0.05413 0.59774 0.40608
v 0.06008 0.59774 0.40013
v 0.05480 0.59275 0.39200
v 0.05362 0.59275 0.38760
v 0.05040 0.59275 0.38438
v 0.04600 0.59275 0.38320
v 0.04160 0.59275 0.38438
v 0.03838 0.59275 0.38760
v 0.03720 0.59275 0.39200
v 0.03838 0.59275 0.39640
v 0.04160 0.59275 0.39962
v 0.04600 0.59275 0.40080
v 0.05040 0.59275 0.39962
v 0.05362 0.59275 0.39640
v 0.04600 0.59100 0.39200
usemtl sclera
f 1135 1136 1137
f 1135 1137 1138
f 1135 1138 1139
f 1135 1139 1140
f 1135 1140 1141
f 1135 1141 1142
f 1135 1142 1143
f 1135 1143 1144
f 1135 1144 1145
f 1135 1145 1146
f 1135 1146 1147
f 1135 1147 1136
f 1136 1148 1149
f 1136 1149 1137
f 1137 1149 1150
f 1137 1150 1138
f 1138 1150 1151
f 1138 1151 1139
f 1139 1151 1152
f 1139 1152 1140
f 1140 1152 1153
f 1140 1153 1141
f 1141 1153 1154
f 1141 1154 1142
f 1142 1154 1155
f 1142 1155 1143
f 1143 1155 1156
f 1143 1156 1144
f 1144 1156 1157
f 1144 1157 1145
f 1145 1157 1158
f 1145 1158 1146
f 1146 1158 1159
f 1146 1159 1147
f 1147 1159 1148
f 1147 1148 1136
f 1148 1160 1161
f 1148 1161 1149
f 1149 1161 1162
f 1149 1162 1150
f 1150 1162 1163
f 1150 1163 1151
f 1151 1163 1164
f 1151 1164 1152
f 1152 1164 1165
f 1152 1165 1153
f 1153 1165 1166
f 1153 1166 1154
f 1154 1166 1167
f 1154 1167 1155
f 1155 1167 1168
f 1155 1168 1156
f 1156 1168 1169
f 1156 1169 1157
f 1157 1169 1170
f 1157 1170 1158
f 1158 1170 1171
f 1158 1171 1159
f 1159 1171 1160
f 1159 1160 1148
f 1160 1172 1173
f 1160 1173 1161
f 1161 1173 1174
f 1161 1174 1162
f 1162 1174 1175
f 1162 1175 1163
f 1163 1175 1176
f 1163 1176 1164
f 1164 1176 1177
f 1164 1177 1165
f 1165 1177 1178
f 1165 1178 1166
f 1166 1178 1179
f 1166 1179 1167
f 1167 1179 1180
f 1167 1180 1168
f 1168 1180 1181
f 1168 1181 1169
f 1169 1181 1182
f 1169 1182 1170
f 1170 1182 1183
f 1170 1183 1171
f 1171 1183 1172
f 1171 1172 1160
f 1172 1184 1185
f 1172 1185 1173
f 1173 1185 1186
f 1173 1186 1174
f 1174 1186 1187
f 1174 1187 1175
f 1175 1187 1188
f 1175 1188 1176
f 1176 1188 1189
f 1176 1189 1177
f 1177 1189 1190
f 1177 1190 1178
f 1178 1190 1191
f 1178 1191 1179
f 1179 1191 1192
f 1179 1192 1180
f 1180 1192 1193
f 1180 1193 1181
f 1181 1193 1194
f 1181 1194 1182
f 1182 1194 1195
f 1182 1195 1183
f 1183 1195 1184
f 1183 1184 1172
f 1184 1196 1197
f 1184 1197 1185
f 1185 1197 1198
f 1185 1198 1186
f 1186 1198 1199
f 1186 1199 1187
f 1187 1199 1200
f 1187 1200 1188
f 1188 1200 1201
f 1188 1201 1189
f 1189 1201 1202
f 1189 1202 1190
f 1190 1202 1203
f 1190 1203 1191
f 1191 1203 1204
f 1191 1204 1192
f 1192 1204 1205
f 1192 1205 1193
f 1193 1205 1206
f 1193 1206 1194
f 1194 1206 1207
f 1194 1207 1195
f 1195 1207 1196
f 1195 1196 1184
f 1196 1208 1209
f 1196 1209 1197
f 1197 1209 1210
f 1197 1210 1198
f 1198 1210 1211
f 1198 1211 1199
f 1199 1211 1212
f 1199 1212 1200
f 1200 1212 1213
f 1200 1213 1201
f 1201 1213 1214
f 1201 1214 1202
f 1202 1214 1215
f 1202 1215 1203
f 1203 1215 1216
f 1203 1216 1204
f 1204 1216 1217
f 1204 1217 1205
f 1205 1217 1218
f 1205 1218 1206
f 1206 1218 1219
f 1206 1219 1207
f 1207 1219 1208
f 1207 1208 1196
f 1220 1209 1208
f 1220 1210 1209
f 1220 1211 1210
f 1220 1212 1211
f 1220 1213 1212
f 1220 1214 1213
f 1220 1215 1214
f 1220 1216 1215
f 1220 1217 1216
f 1220 1218 1217
f 1220 1219 1218
f 1220 1208 1219
o pupil_left
v 0.05300 0.62600 0.40600
v 0.05759 0.62509 0.40600
v 0.05698 0.62509 0.40370
v 0.05530 0.62509 0.40202
v 0.05300 0.62509 0.40141
v 0.05070 0.62509 0.40202
v 0.04902 0.62509 0.40370
v 0.04841 0.62509 0.40600
v 0.04902 0.62509 0.40830
v 0.05070 0.62509 0.40998
v 0.05300 0.62509 0.41059
v 0.05530 0.62509 0.40998
v 0.05698 0.62509 0.40830
v 0.06149 0.62249 0.40600
v 0.06035 0.62249 0.40176
v 0.05724 0.62249 0.39865
v 0.05300 0.62249 0.39751
v 0.04876 0.62249 0.39865
v 0.04565 0.62249 0.40176
v 0.04451 0.62249 0.40600
v 0.04565 0.62249 0.41024
v 0.04876 0.62249 0.41335
v 0.05300 0.62249 0.41449
v 0.05724 0.62249 0.41335
v 0.06035 0.62249 0.41024
v 0.06409 0.61859 0.40600
v 0.06260 0.61859 0.40046
v 0.05854 0.61859 0.39640
v 0.05300 0.61859 0.39491
v 0.04746 0.61859 0.39640
v 0.04340 0.61859 0.40046
v 0.04191 0.61859 0.40600
v 0.04340 0.61859 0.41154
v 0.04746 0.61859 0.41560
v 0.05300 0.61859 0.41709
v 0.05854 0.61859 0.41560
v 0.06260 0.61859 0.41154
v 0.06500 0.61400 0.40600
v 0.06339 0.61400 0.40000
v 0.05900 0.61400 0.39561
v 0.05300 0.61400 0.39400
v 0.04700 0.61400 0.39561
v 0.04261 0.61400 0.40000
v 0.04100 0.61400 0.40600
v 0.04261 0.61400 0.41200
v 0.04700 0.61400 0.41639
v 0.05300 0.61400 0.41800
v 0.05900 0.61400 0.41639
v 0.06339 0.61400 0.41200
v 0.06409 0.60941 0.40600
v 0.06260 0.60941 0.40046
v 0.05854 0.60941 0.39640
v 0.05300 0.60941 0.39491
v 0.04746 0.60941 0.39640
v 0.04340 0.60941 0.40046
v 0.04191 0.60941 0.40600
v 0.04340 0.60941 0.41154
v 0.04746 0.60941 0.41560
v 0.05300 0.60941 0.41709
v 0.05854 0.60941 0.41560
v 0.06260 0.60941 0.41154
v 0.06149 0.60551 0.40600
v 0.06035 0.60551 0.40176
v 0.05724 0.60551 0.39865
v 0.05300 0.60551 0.39751
v 0.04876 0.60551 0.39865
v 0.04565 0.60551 0.40176
v 0.04451 0.60551 0.40600
v 0.04565 0.60551 0.41024
v 0.04876 0.60551 0.41335
v 0.05300 0.60551 0.41449
v 0.05724 0.60551 0.41335
v 0.06035 0.60551 0.41024
v 0.05759 0.60291 0.40600
v 0.05698 0.60291 0.40370
v 0.05530 0.60291 0.40202
v 0.05300 0.60291 0.40141
v 0.05070 0.60291 0.40202
v 0.04902 0.60291 0.40370
v 0.04841 0.60291 0.40600
v 0.04902 0.60291 0.40830
v 0.05070 0.60291 0.40998
v 0.05300 0.60291 0.41059
v 0.05530 0.60291 0.40998
v 0.05698 0.60291 0.40830
v 0.05300 0.60200 0.40600
usemtl charcoal
f 1221 1222 1223
f 1221 1223 1224
f 1221 1224 1225
f 1221 1225 1226
f 1221 1226 1227
f 1221 1227 1228
f 1221 1228 1229
f 1221 1229 1230
f 1221 1230 1231
f 1221 1231 1232
f 1221 1232 1233
f 1221 1233 1222
f 1222 1234 1235
f 1222 1235 1223
f 1223 1235 1236
f 1223 1236 1224
f 1224 1236 1237
f 1224 1237 1225
f 1225 1237 1238
f 1225 1238 1226
f 1226 1238 1239
f 1226 1239 1227
f 1227 1239 1240
f 1227 1240 1228
f 1228 1240 1241
f 1228 1241 1229
f 1229 1241 1242
f 1229 1242 1230
f 1230 1242 1243
f 1230 1243 1231
f 1231 1243 1244
f 1231 1244 1232
f 1232 1244 1245
f 1232 1245 1233
f 1233 1245 1234
f 1233 1234 1222
f 1234 1246 1247
f 1234 1247 1235
f 1235 1247 1248
f 1235 1248 1236
f 1236 1248 1249
f 1236 1249 1237
f 1237 1249 1250
f 1237 1250 1238
f 1238 1250 1251
f 1238 1251 1239
f 1239 1251 1252
f 1239 1252 1240
f 1240 1252 1253
f 1240 1253 1241
f 1241 1253 1254
f 1241 1254 1242
f 1242 1254 1255
f 1242 1255 1243
f 1243 1255 1256
f 1243 1256 1244
f 1244 1256 1257
f 1244 1257 1245
f 1245 1257 1246
f 1245 1246 1234
f 1246 1258 1259
f 1246 1259 1247
f 1247 1259 1260
f 1247 1260 1248
f 1248 1260 1261
f 1248 1261 1249
f 1249 1261 1262
f 1249 1262 1250
f 1250 1262 1263
f 1250 1263 1251
f 1251 1263 1264
f 1251 1264 1252
f 1252 1264 1265
f 1252 1265 1253
f 1253 1265 1266
f 1253 1266 1254
f 1254 1266 1267
f 1254 1267 1255
f 1255 1267 1268
f 1255 1268 1256
f 1256 1268 1269
f 1256 1269 1257
f 1257 1269 1258
f 1257 1258 1246
f 1258 1270 1271
f 1258 1271 1259
f 1259 1271 1272
f 1259 1272 1260
f 1260 1272 1273
f 1260 1273 1261
f 1261 1273 1274
f 1261 1274 1262
f 1262 1274 1275
f 1262 1275 1263
f 1263 1275 1276
f 1263 1276 1264
f 1264 1276 1277
f 1264 1277 1265
f 1265 1277 1278
f 1265 1278 1266
f 1266 1278 1279
f 1266 1279 1267
f 1267 1279 1280
f 1267 1280 1268
f 1268 1280 1281
f 1268 1281 1269
f 1269 1281 1270
f 1269 1270 1258
f 1270 1282 1283
f 1270 1283 1271
f 1271 1283 1284
f 1271 1284 1272
f 1272 1284 1285
f 1272 1285 1273
f 1273 1285 1286
f 1273 1286 1274
f 1274 1286 1287
f 1274 1287 1275
f 1275 1287 1288
f 1275 1288 1276
f 1276 1288 1289
f 1276 1289 1277
f 1277 1289 1290
f 1277 1290 1278
f 1278 1290 1291
f 1278 1291 1279
f 1279 1291 1292
f 1279 1292 1280
f 1280 1292 1293
f 1280 1293 1281
f 1281 1293 1282
f 1281 1282 1270
f 1282 1294 1295
f 1282 1295 1283
f 1283 1295 1296
f 1283 1296 1284
f 1284 1296 1297
f 1284 1297 1285
f 1285 1297 1298
f 1285 1298 1286
f 1286 1298 1299
f 1286 1299 1287
f 1287 1299 1300
f 1287 1300 1288
f 1288 1300 1301
f 1288 1301 1289
f 1289 1301 1302
f 1289 1302 1290
f 1290 1302 1303
f 1290 1303 1291
f 1291 1303 1304
f 1291 1304 1292
f 1292 1304 1305
f 1292 1305 1293
f 1293 1305 1294
f 1293 1294 1282
f 1306 1295 1294
f 1306 1296 1295
f 1306 1297 1296
f 1306 1298 1297
f 1306 1299 1298
f 1306 1300 1299
f 1306 1301 1300
f 1306 1302 1301
f 1306 1303 1302
f 1306 1304 1303
f 1306 1305 1304
f 1306 1294 1305
o leg_front_left
v 0.07054 0.47193 0.13300
v 0.07061 0.47049 0.14607
v 0.06412 0.47018 0.14434
v 0.05937 0.46979 0.13960
v 0.05764 0.46942 0.13312
v 0.05937 0.46917 0.12664
v 0.06412 0.46911 0.12188
v 0.07061 0.46926 0.12014
v 0.07709 0.46957 0.12186
v 0.08184 0.46996 0.12660
v 0.08358 0.47033 0.13308
v 0.08184 0.47057 0.13956
v 0.07709 0.47064 0.14432
v 0.07082 0.46509 0.15804
v 0.05848 0.46451 0.15476
v 0.04945 0.46376 0.14575
v 0.04614 0.46306 0.13343
v 0.04945 0.46259 0.12109
v 0.05848 0.46247 0.11205
v 0.07082 0.46275 0.10873
v 0.08315 0.46333 0.11201
v 0.09218 0.46408 0.12102
v 0.09549 0.46478 0.13334
v 0.09218 0.46525 0.14568
v 0.08315 0.46537 0.15472
v 0.07114 0.45626 0.16777
v 0.05416 0.45545 0.16325
v 0.04173 0.45443 0.15085
v 0.03718 0.45346 0.13388
v 0.04173 0.45281 0.11691
v 0.05416 0.45265 0.10446
v 0.07114 0.45303 0.09989
v 0.08812 0.45384 0.10441
v 0.10055 0.45486 0.11681
v 0.10510 0.45583 0.13377
v 0.10055 0.45648 0.15075
v 0.08812 0.45664 0.16319
v 0.07155 0.44486 0.17428
v 0.05159 0.44391 0.16897
v 0.03698 0.44270 0.15439
v 0.03163 0.44157 0.13445
v 0.03698 0.44080 0.11449
v 0.05159 0.44062 0.09986
v 0.07155 0.44106 0.09448
v 0.09151 0.44201 0.09980
v 0.10612 0.44321 0.11438
v 0.11147 0.44435 0.13432
v 0.10612 0.44511 0.15428
v 0.09151 0.44530 0.16890
v 0.07200 0.43200 0.17695
v 0.05101 0.43100 0.17137
v 0.03565 0.42973 0.15604
v 0.03003 0.42854 0.13507
v 0.03565 0.42773 0.11408
v 0.05101 0.42754 0.09870
v 0.07200 0.42800 0.09305
v 0.09299 0.42900 0.09863
v 0.10835 0.43027 0.11396
v 0.11397 0.43146 0.13493
v 0.10835 0.43227 0.15592
v 0.09299 0.43246 0.17130
v 0.08300 0.11671 0.18596
v 0.06501 0.11586 0.18117
v 0.05184 0.11477 0.16803
v 0.04702 0.11375 0.15006
v 0.05184 0.11306 0.13207
v 0.06501 0.11289 0.11889
v 0.08300 0.11329 0.11404
v 0.10099 0.11414 0.11883
v 0.11416 0.11523 0.13197
v 0.11898 0.11625 0.14994
v 0.11416 0.11694 0.16793
v 0.10099 0.11711 0.18111
v 0.08339 0.10552 0.18473
v 0.06628 0.10471 0.18017
v 0.05375 0.10368 0.16768
v 0.04917 0.10270 0.15059
v 0.05375 0.10205 0.13348
v 0.06628 0.10189 0.12094
v 0.08339 0.10227 0.11633
v 0.10050 0.10308 0.12088
v 0.11302 0.10411 0.13338
v 0.11761 0.10509 0.15047
v 0.11302 0.10574 0.16758
v 0.10050 0.10590 0.18012
v 0.08374 0.09526 0.18010
v 0.06918 0.09457 0.17622
v 0.05853 0.09369 0.16559
v 0.05463 0.09286 0.15105
v 0.05853 0.09231 0.13650
v 0.06918 0.09217 0.12584
v 0.08374 0.09249 0.12191
v 0.09829 0.09318 0.12579
v 0.10894 0.09406 0.13642
v 0.11284 0.09489 0.15096
v 0.10894 0.09545 0.16551
v 0.09829 0.09558 0.17618
v 0.08402 0.08693 0.17252
v 0.07344 0.08643 0.16971
v 0.06570 0.08579 0.16198
v 0.06287 0.08519 0.15142
v 0.06570 0.08478 0.14085
v 0.07344 0.08469 0.13310
v 0.08402 0.08492 0.13025
v 0.09459 0.08542 0.13306
v 0.10233 0.08606 0.14079
v 0.10516 0.08666 0.15135
v 0.10233 0.08707 0.16192
v 0.09459 0.08717 0.16967
v 0.08419 0.08135 0.16274
v 0.07863 0.08109 0.16126
v 0.07457 0.08075 0.15720
v 0.07308 0.08043 0.15165
v 0.07457 0.08022 0.14609
v 0.07863 0.08017 0.14201
v 0.08419 0.08029 0.14052
v 0.08975 0.08056 0.14200
v 0.09382 0.08089 0.14606
v 0.09531 0.08121 0.15161
v 0.09382 0.08142 0.15717
v 0.08975 0.08147 0.16124
v 0.08425 0.07906 0.15171
usemtl fur
f 1307 1309 1308
f 1307 1310 1309
f 1307 1311 1310
f 1307 1312 1311
f 1307 1313 1312
f 1307 1314 1313
f 1307 1315 1314
f 1307 1316 1315
f 1307 1317 1316
f 1307 1318 1317
f 1307 1319 1318
f 1307 1308 1319
f 1308 1320 1321
f 1308 1321 1309
f 1309 1321 1322
f 1309 1322 1310
f 1310 1322 1323
f 1310 1323 1311
f 1311 1323 1324
f 1311 1324 1312
f 1312 1324 1325
f 1312 1325 1313
f 1313 1325 1326
f 1313 1326 1314
f 1314 1326 1327
f 1314 1327 1315
f 1315 1327 1328
f 1315 1328 1316
f 1316 1328 1329
f 1316 1329 1317
f 1317 1329 1330
f 1317 1330 1318
f 1318 1330 1331
f 1318 1331 1319
f 1319 1331 1320
f 1319 1320 1308
f 1320 1332 1333
f 1320 1333 1321
f 1321 1333 1334
f 1321 1334 1322
f 1322 1334 1335
f 1322 1335 1323
f 1323 1335 1336
f 1323 1336 1324
f 1324 1336 1337
f 1324 1337 1325
f 1325 1337 1338
f 1325 1338 1326
f 1326 1338 1339
f 1326 1339 1327
f 1327 1339 1340
f 1327 1340 1328
f 1328 1340 1341
f 1328 1341 1329
f 1329 1341 1342
f 1329 1342 1330
f 1330 1342 1343
f 1330 1343 1331
f 1331 1343 1332
f 1331 1332 1320
f 1332 1344 1345
f 1332 1345 1333
f 1333 1345 1346
f 1333 1346 1334
f 1334 1346 1347
f 1334 1347 1335
f 1335 1347 1348
f 1335 1348 1336
f 1336 1348 1349
f 1336 1349 1337
f 1337 1349 1350
f 1337 1350 1338
f 1338 1350 1351
f 1338 1351 1339
f 1339 1351 1352
f 1339 1352 1340
f 1340 1352 1353
f 1340 1353 1341
f 1341 1353 1354
f 1341 1354 1342
f 1342 1354 1355
f 1342 1355 1343
f 1343 1355 1344
f 1343 1344 1332
f 1344 1356 1357
f 1344 1357 1345
f 1345 1357 1358
f 1345 1358 1346
f 1346 1358 1359
f 1346 1359 1347
f 1347 1359 1360
f 1347 1360 1348
f 1348 1360 1361
f 1348 1361 1349
f 1349 1361 1362
f 1349 1362 1350
f 1350 1362 1363
f 1350 1363 1351
f 1351 1363 1364
f 1351 1364 1352
f 1352 1364 1365
f 1352 1365 1353
f 1353 1365 1366
f 1353 1366 1354
f 1354 1366 1367
f 1354 1367 1355
f 1355 1367 1356
f 1355 1356 1344
f 1356 1368 1369
f 1356 1369 1357
f 1357 1369 1370
f 1357 1370 1358
f 1358 1370 1371
f 1358 1371 1359
f 1359 1371 1372
f 1359 1372 1360
f 1360 1372 1373
f 1360 1373 1361
f 1361 1373 1374
f 1361 1374 1362
f 1362 1374 1375
f 1362 1375 1363
f 1363 1375 1376
f 1363 1376 1364
f 1364 1376 1377
f 1364 1377 1365
f 1365 1377 1378
f 1365 1378 1366
f 1366 1378 1379
f 1366 1379 1367
f 1367 1379 1368
f 1367 1368 1356
f 1368 1380 1381
f 1368 1381 1369
f 1369 1381 1382
f 1369 1382 1370
f 1370 1382 1383
f 1370 1383 1371
f 1371 1383 1384
f 1371 1384 1372
f 1372 1384 1385
f 1372 1385 1373
f 1373 1385 1386
f 1373 1386 1374
f 1374 1386 1387
f 1374 1387 1375
f 1375 1387 1388
f 1375 1388 1376
f 1376 1388 1389
f 1376 1389 1377
f 1377 1389 1390
f 1377 1390 1378
f 1378 1390 1391
f 1378 1391 1379
f 1379 1391 1380
f 1379 1380 1368
f 1380 1392 1393
f 1380 1393 1381
f 1381 1393 1394
f 1381 1394 1382
f 1382 1394 1395
f 1382 1395 1383
f 1383 1395 1396
f 1383 1396 1384
f 1384 1396 1397
f 1384 1397 1385
f 1385 1397 1398
f 1385 1398 1386
f 1386 1398 1399
f 1386 1399 1387
f 1387 1399 1400
f 1387 1400 1388
f 1388 1400 1401
f 1388 1401 1389
f 1389 1401 1402
f 1389 1402 1390
f 1390 1402 1403
f 1390 1403 1391
f 1391 1403 1392
f 1391 1392 1380
f 1392 1404 1405
f 1392 1405 1393
f 1393 1405 1406
f 1393 1406 1394
f 1394 1406 1407
f 1394 1407 1395
f 1395 1407 1408
f 1395 1408 1396
f 1396 1408 1409
f 1396 1409 1397
f 1397 1409 1410
f 1397 1410 1398
f 1398 1410 1411
f 1398 1411 1399
f 1399 1411 1412
f 1399 1412 1400
f 1400 1412 1413
f 1400 1413 1401
f 1401 1413 1414
f 1401 1414 1402
f 1402 1414 1415
f 1402 1415 1403
f 1403 1415 1404
f 1403 1404 1392
f 1404 1416 1417
f 1404 1417 1405
f 1405 1417 1418
f 1405 1418 1406
f 1406 1418 1419
f 1406 1419 1407
f 1407 1419 1420
f 1407 1420 1408
f 1408 1420 1421
f 1408 1421 1409
f 1409 1421 1422
f 1409 1422 1410
f 1410 1422 1423
f 1410 1423 1411
f 1411 1423 1424
f 1411 1424 1412
f 1412 1424 1425
f 1412 1425 1413
f 1413 1425 1426
f 1413 1426 1414
f 1414 1426 1427
f 1414 1427 1415
f 1415 1427 1416
f 1415 1416 1404
f 1428 1416 1417
f 1428 1417 1418
f 1428 1418 1419
f 1428 1419 1420
f 1428 1420 1421
f 1428 1421 1422
f 1428 1422 1423
f 1428 1423 1424
f 1428 1424 1425
f 1428 1425 1426
f 1428 1426 1427
f 1428 1427 1416
o paw_front_left
v 0.08300 0.11800 0.16300
v 0.10060 0.11496 0.16300
v 0.09825 0.11496 0.15075
v 0.09180 0.11496 0.14179
v 0.08300 0.11496 0.13851
v 0.07420 0.11496 0.14179
v 0.06775 0.11496 0.15075
v 0.06540 0.11496 0.16300
v 0.06775 0.11496 0.17525
v 0.07420 0.11496 0.18421
v 0.08300 0.11496 0.18749
v 0.09180 0.11496 0.18421
v 0.09825 0.11496 0.17525
v 0.11553 0.10628 0.16300
v 0.11117 0.10628 0.14037
v 0.09926 0.10628 0.12381
v 0.08300 0.10628 0.11775
v 0.06674 0.10628 0.12381
v 0.05483 0.10628 0.14037
v 0.05047 0.10628 0.16300
v 0.05483 0.10628 0.18563
v 0.06674 0.10628 0.20219
v 0.08300 0.10628 0.20825
v 0.09926 0.10628 0.20219
v 0.11117 0.10628 0.18563
v 0.12550 0.09331 0.16300
v 0.11980 0.09331 0.13344
v 0.10425 0.09331 0.11179
v 0.08300 0.09331 0.10387
v 0.06175 0.09331 0.11179
v 0.04620 0.09331 0.13344
v 0.04050 0.09331 0.16300
v 0.04620 0.09331 0.19256
v 0.06175 0.09331 0.21421
v 0.08300 0.09331 0.22213
v 0.10425 0.09331 0.21421
v 0.11980 0.09331 0.19256
v 0.12900 0.07800 0.16300
v 0.12284 0.07800 0.13100
v 0.10600 0.07800 0.10757
v 0.08300 0.07800 0.09900
v 0.06000 0.07800 0.10757
v 0.04316 0.07800 0.13100
v 0.03700 0.07800 0.16300
v 0.04316 0.07800 0.19500
v 0.06000 0.07800 0.21843
v 0.08300 0.07800 0.22700
v 0.10600 0.07800 0.21843
v 0.12284 0.07800 0.19500
v 0.12550 0.06269 0.16300
v 0.11980 0.06269 0.13344
v 0.10425 0.06269 0.11179
v 0.08300 0.06269 0.10387
v 0.06175 0.06269 0.11179
v 0.04620 0.06269 0.13344
v 0.04050 0.06269 0.16300
v 0.04620 0.06269 0.19256
v 0.06175 0.06269 0.21421
v 0.08300 0.06269 0.22213
v 0.10425 0.06269 0.21421
v 0.11980 0.06269 0.19256
v 0.11553 0.04972 0.16300
v 0.11117 0.04972 0.14037
v 0.09926 0.04972 0.12381
v 0.08300 0.04972 0.11775
v 0.06674 0.04972 0.12381
v 0.05483 0.04972 0.14037
v 0.05047 0.04972 0.16300
v 0.05483 0.04972 0.18563
v 0.06674 0.04972 0.20219
v 0.08300 0.04972 0.20825
v 0.09926 0.04972 0.20219
v 0.11117 0.04972 0.18563
v 0.10060 0.04104 0.16300
v 0.09825 0.04104 0.15075
v 0.09180 0.04104 0.14179
v 0.08300 0.04104 0.13851
v 0.07420 0.04104 0.14179
v 0.06775 0.04104 0.15075
v 0.06540 0.04104 0.16300
v 0.06775 0.04104 0.17525
v 0.07420 0.04104 0.18421
v 0.08300 0.04104 0.18749
v 0.09180 0.04104 0.18421
v 0.09825 0.04104 0.17525
v 0.08300 0.03800 0.16300
usemtl cream
f 1429 1430 1431
f 1429 1431 1432
f 1429 1432 1433
f 1429 1433 1434
f 1429 1434 1435
f 1429 1435 1436
f 1429 1436 1437
f 1429 1437 1438
f 1429 1438 1439
f 1429 1439 1440
f 1429 1440 1441
f 1429 1441 1430
f 1430 1442 1443
f 1430 1443 1431
f 1431 1443 1444
f 1431 1444 1432
f 1432 1444 1445
f 1432 1445 1433
f 1433 1445 1446
f 1433 1446 1434
f 1434 1446 1447
f 1434 1447 1435
f 1435 1447 1448
f 1435 1448 1436
f 1436 1448 1449
f 1436 1449 1437
f 1437 1449 1450
f 1437 1450 1438
f 1438 1450 1451
f 1438 1451 1439
f 1439 1451 1452
f 1439 1452 1440
f 1440 1452 1453
f 1440 1453 1441
f 1441 1453 1442
f 1441 1442 1430
f 1442 1454 1455
f 1442 1455 1443
f 1443 1455 1456
f 1443 1456 1444
f 1444 1456 1457
f 1444 1457 1445
f 1445 1457 1458
f 1445 1458 1446
f 1446 1458 1459
f 1446 1459 1447
f 1447 1459 1460
f 1447 1460 1448
f 1448 1460 1461
f 1448 1461 1449
f 1449 1461 1462
f 1449 1462 1450
f 1450 1462 1463
f 1450 1463 1451
f 1451 1463 1464
f 1451 1464 1452
f 1452 1464 1465
f 1452 1465 1453
f 1453 1465 1454
f 1453 1454 1442
f 1454 1466 1467
f 1454 1467 1455
f 1455 1467 1468
f 1455 1468 1456
f 1456 1468 1469
f 1456 1469 1457
f 1457 1469 1470
f 1457 1470 1458
f 1458 1470 1471
f 1458 1471 1459
f 1459 1471 1472
f 1459 1472 1460
f 1460 1472 1473
f 1460 1473 1461
f 1461 1473 1474
f 1461 1474 1462
f 1462 1474 1475
f 1462 1475 1463
f 1463 1475 1476
f 1463 1476 1464
f 1464 1476 1477
f 1464 1477 1465
f 1465 1477 1466
f 1465 1466 1454
f 1466 1478 1479
f 1466 1479 1467
f 1467 1479 1480
f 1467 1480 1468
f 1468 1480 1481
f 1468 1481 1469
f 1469 1481 1482
f 1469 1482 1470
f 1470 1482 1483
f 1470 1483 1471
f 1471 1483 1484
f 1471 1484 1472
f 1472 1484 1485
f 1472 1485 1473
f 1473 1485 1486
f 1473 1486 1474
f 1474 1486 1487
f 1474 1487 1475
f 1475 1487 1488
f 1475 1488 1476
f 1476 1488 1489
f 1476 1489 1477
f 1477 1489 1478
f 1477 1478 1466
f 1478 1490 1491
f 1478 1491 1479
f 1479 1491 1492
f 1479 1492 1480
f 1480 1492 1493
f 1480 1493 1481
f 1481 1493 1494
f 1481 1494 1482
f 1482 1494 1495
f 1482 1495 1483
f 1483 1495 1496
f 1483 1496 1484
f 1484 1496 1497
f 1484 1497 1485
f 1485 1497 1498
f 1485 1498 1486
f 1486 1498 1499
f 1486 1499 1487
f 1487 1499 1500
f 1487 1500 1488
f 1488 1500 1501
f 1488 1501 1489
f 1489 1501 1490
f 1489 1490 1478
f 1490 1502 1503
f 1490 1503 1491
f 1491 1503 1504
f 1491 1504 1492
f 1492 1504 1505
f 1492 1505 1493
f 1493 1505 1506
f 1493 1506 1494
f 1494 1506 1507
f 1494 1507 1495
f 1495 1507 1508
f 1495 1508 1496
f 1496 1508 1509
f 1496 1509 1497
f 1497 1509 1510
f 1497 1510 1498
f 1498 1510 1511
f 1498 1511 1499
f 1499 1511 1512
f 1499 1512 1500
f 1500 1512 1513
f 1500 1513 1501
f 1501 1513 1502
f 1501 1502 1490
f 1514 1503 1502
f 1514 1504 1503
f 1514 1505 1504
f 1514 1506 1505
f 1514 1507 1506
f 1514 1508 1507
f 1514 1509 1508
f 1514 1510 1509
f 1514 1511 1510
f 1514 1512 1511
f 1514 1513 1512
f 1514 1502 1513
o leg_hind_left
v 0.07042 0.46390 -0.14741
v 0.07049 0.46095 -0.13396
v 0.06370 0.46081 -0.13580
v 0.05873 0.46092 -0.14077
v 0.05691 0.46126 -0.14757
v 0.05873 0.46172 -0.15435
v 0.06370 0.46220 -0.15931
v 0.07049 0.46255 -0.16111
v 0.07729 0.46268 -0.15928
v 0.08226 0.46257 -0.15430
v 0.08408 0.46224 -0.14751
v 0.08226 0.46177 -0.14072
v 0.07729 0.46130 -0.13577
v 0.07072 0.45399 -0.12209
v 0.05780 0.45373 -0.12557
v 0.04834 0.45395 -0.13504
v 0.04487 0.45458 -0.14796
v 0.04834 0.45547 -0.16086
v 0.05780 0.45637 -0.17029
v 0.07072 0.45704 -0.17372
v 0.08364 0.45730 -0.17024
v 0.09310 0.45708 -0.16077
v 0.09657 0.45644 -0.14785
v 0.09310 0.45555 -0.13495
v 0.08364 0.45466 -0.12552
v 0.07107 0.44370 -0.11294
v 0.05328 0.44335 -0.11774
v 0.04026 0.44365 -0.13078
v 0.03550 0.44452 -0.14855
v 0.04026 0.44574 -0.16631
v 0.05328 0.44698 -0.17929
v 0.07107 0.44790 -0.18401
v 0.08886 0.44826 -0.17921
v 0.10188 0.44796 -0.16618
v 0.10664 0.44708 -0.14840
v 0.10188 0.44586 -0.13064
v 0.08886 0.44462 -0.11767
v 0.07151 0.43110 -0.10743
v 0.05060 0.43068 -0.11307
v 0.03529 0.43103 -0.12839
v 0.02969 0.43206 -0.14929
v 0.03529 0.43350 -0.17016
v 0.05060 0.43495 -0.18542
v 0.07151 0.43603 -0.19097
v 0.09242 0.43645 -0.18533
v 0.10773 0.43610 -0.17001
v 0.11333 0.43507 -0.14911
v 0.10773 0.43363 -0.12824
v 0.09242 0.43218 -0.11298
v 0.07200 0.41741 -0.10608
v 0.05001 0.41696 -0.11201
v 0.03392 0.41734 -0.12812
v 0.02803 0.41842 -0.15009
v 0.03392 0.41993 -0.17204
v 0.05001 0.42145 -0.18809
v 0.07200 0.42259 -0.19392
v 0.09399 0.42304 -0.18799
v 0.11008 0.42266 -0.17188
v 0.11597 0.42158 -0.14991
v 0.11008 0.42007 -0.12796
v 0.09399 0.41855 -0.11191
v 0.08300 0.11288 -0.13206
v 0.06501 0.11252 -0.13692
v 0.05184 0.11282 -0.15010
v 0.04702 0.11371 -0.16808
v 0.05184 0.11494 -0.18603
v 0.06501 0.11619 -0.19916
v 0.08300 0.11712 -0.20394
v 0.10099 0.11748 -0.19908
v 0.11416 0.11718 -0.18590
v 0.11898 0.11629 -0.16792
v 0.11416 0.11506 -0.14997
v 0.10099 0.11381 -0.13684
v 0.08340 0.10188 -0.13448
v 0.06629 0.10154 -0.13909
v 0.05377 0.10183 -0.15163
v 0.04918 0.10267 -0.16873
v 0.05377 0.10385 -0.18581
v 0.06629 0.10503 -0.19829
v 0.08340 0.10592 -0.20283
v 0.10051 0.10626 -0.19822
v 0.11303 0.10598 -0.18568
v 0.11762 0.10513 -0.16858
v 0.11303 0.10396 -0.15150
v 0.10051 0.10277 -0.13902
v 0.08376 0.09217 -0.14017
v 0.06921 0.09188 -0.14410
v 0.05856 0.09213 -0.15476
v 0.05466 0.09284 -0.16931
v 0.05856 0.09384 -0.18384
v 0.06921 0.09485 -0.19446
v 0.08376 0.09561 -0.19832
v 0.09831 0.09590 -0.19439
v 0.10897 0.09565 -0.18373
v 0.11287 0.09494 -0.16918
v 0.10897 0.09394 -0.15466
v 0.09831 0.09293 -0.14404
v 0.08405 0.08470 -0.14859
v 0.07347 0.08449 -0.15144
v 0.06573 0.08466 -0.15919
v 0.06290 0.08518 -0.16976
v 0.06573 0.08591 -0.18032
v 0.07347 0.08664 -0.18803
v 0.08405 0.08719 -0.19084
v 0.09462 0.08740 -0.18799
v 0.10236 0.08723 -0.18024
v 0.10519 0.08670 -0.16967
v 0.10236 0.08598 -0.15911
v 0.09462 0.08525 -0.15140
v 0.08423 0.08019 -0.15891
v 0.07867 0.08008 -0.16041
v 0.07460 0.08017 -0.16448
v 0.07311 0.08044 -0.17004
v 0.07460 0.08083 -0.17559
v 0.07867 0.08121 -0.17965
v 0.08423 0.08150 -0.18112
v 0.08979 0.08161 -0.17962
v 0.09386 0.08152 -0.17555
v 0.09535 0.08124 -0.16999
v 0.09386 0.08086 -0.16444
v 0.08979 0.08048 -0.16039
v 0.08430 0.07909 -0.17012
usemtl fur
f 1515 1517 1516
f 1515 1518 1517
f 1515 1519 1518
f 1515 1520 1519
f 1515 1521 1520
f 1515 1522 1521
f 1515 1523 1522
f 1515 1524 1523
f 1515 1525 1524
f 1515 1526 1525
f 1515 1527 1526
f 1515 1516 1527
f 1516 1528 1529
f 1516 1529 1517
f 1517 1529 1530
f 1517 1530 1518
f 1518 1530 1531
f 1518 1531 1519
f 1519 1531 1532
f 1519 1532 1520
f 1520 1532 1533
f 1520 1533 1521
f 1521 1533 1534
f 1521 1534 1522
f 1522 1534 1535
f 1522 1535 1523
f 1523 1535 1536
f 1523 1536 1524
f 1524 1536 1537
f 1524 1537 1525
f 1525 1537 1538
f 1525 1538 1526
f 1526 1538 1539
f 1526 1539 1527
f 1527 1539 1528
f 1527 1528 1516
f 1528 1540 1541
f 1528 1541 1529
f 1529 1541 1542
f 1529 1542 1530
f 1530 1542 1543
f 1530 1543 1531
f 1531 1543 1544
f 1531 1544 1532
f 1532 1544 1545
f 1532 1545 1533
f 1533 1545 1546
f 1533 1546 1534
f 1534 1546 1547
f 1534 1547 1535
f 1535 1547 1548
f 1535 1548 1536
f 1536 1548 1549
f 1536 1549 1537
f 1537 1549 1550
f 1537 1550 1538
f 1538 1550 1551
f 1538 1551 1539
f 1539 1551 1540
f 1539 1540 1528
f 1540 1552 1553
f 1540 1553 1541
f 1541 1553 1554
f 1541 1554 1542
f 1542 1554 1555
f 1542 1555 1543
f 1543 1555 1556
f 1543 1556 1544
f 1544 1556 1557
f 1544 1557 1545
f 1545 1557 1558
f 1545 1558 1546
f 1546 1558 1559
f 1546 1559 1547
f 1547 1559 1560
f 1547 1560 1548
f 1548 1560 1561
f 1548 1561 1549
f 1549 1561 1562
f 1549 1562 1550
f 1550 1562 1563
f 1550 1563 1551
f 1551 1563 1552
f 1551 1552 1540
f 1552 1564 1565
f 1552 1565 1553
f 1553 1565 1566
f 1553 1566 1554
f 1554 1566 1567
f 1554 1567 1555
f 1555 1567 1568
f 1555 1568 1556
f 1556 1568 1569
f 1556 1569 1557
f 1557 1569 1570
f 1557 1570 1558
f 1558 1570 1571
f 1558 1571 1559
f 1559 1571 1572
f 1559 1572 1560
f 1560 1572 1573
f 1560 1573 1561
f 1561 1573 1574
f 1561 1574 1562
f 1562 1574 1575
f 1562 1575 1563
f 1563 1575 1564
f 1563 1564 1552
f 1564 1576 1577
f 1564 1577 1565
f 1565 1577 1578
f 1565 1578 1566
f 1566 1578 1579
f 1566 1579 1567
f 1567 1579 1580
f 1567 1580 1568
f 1568 1580 1581
f 1568 1581 1569
f 1569 1581 1582
f 1569 1582 1570
f 1570 1582 1583
f 1570 1583 1571
f 1571 1583 1584
f 1571 1584 1572
f 1572 1584 1585
f 1572 1585 1573
f 1573 1585 1586
f 1573 1586 1574
f 1574 1586 1587
f 1574 1587 1575
f 1575 1587 1576
f 1575 1576 1564
f 1576 1588 1589
f 1576 1589 1577
f 1577 1589 1590
f 1577 1590 1578
f 1578 1590 1591
f 1578 1591 1579
f 1579 1591 1592
f 1579 1592 1580
f 1580 1592 1593
f 1580 1593 1581
f 1581 1593 1594
f 1581 1594 1582
f 1582 1594 1595
f 1582 1595 1583
f 1583 1595 1596
f 1583 1596 1584
f 1584 1596 1597
f 1584 1597 1585
f 1585 1597 1598
f 1585 1598 1586
f 1586 1598 1599
f 1586 1599 1587
f 1587 1599 1588
f 1587 1588 1576
f 1588 1600 1601
f 1588 1601 1589
f 1589 1601 1602
f 1589 1602 1590
f 1590 1602 1603
f 1590 1603 1591
f 1591 1603 1604
f 1591 1604 1592
f 1592 1604 1605
f 1592 1605 1593
f 1593 1605 1606
f 1593 1606 1594
f 1594 1606 1607
f 1594 1607 1595
f 1595 1607 1608
f 1595 1608 1596
f 1596 1608 1609
f 1596 1609 1597
f 1597 1609 1610
f 1597 1610 1598
f 1598 1610 1611
f 1598 1611 1599
f 1599 1611 1600
f 1599 1600 1588
f 1600 1612 1613
f 1600 1613 1601
f 1601 1613 1614
f 1601 1614 1602
f 1602 1614 1615
f 1602 1615 1603
f 1603 1615 1616
f 1603 1616 1604
f 1604 1616 1617
f 1604 1617 1605
f 1605 1617 1618
f 1605 1618 1606
f 1606 1618 1619
f 1606 1619 1607
f 1607 1619 1620
f 1607 1620 1608
f 1608 1620 1621
f 1608 1621 1609
f 1609 1621 1622
f 1609 1622 1610
f 1610 1622 1623
f 1610 1623 1611
f 1611 1623 1612
f 1611 1612 1600
f 1612 1624 1625
f 1612 1625 1613
f 1613 1625 1626
f 1613 1626 1614
f 1614 1626 1627
f 1614 1627 1615
f 1615 1627 1628
f 1615 1628 1616
f 1616 1628 1629
f 1616 1629 1617
f 1617 1629 1630
f 1617 1630 1618
f 1618 1630 1631
f 1618 1631 1619
f 1619 1631 1632
f 1619 1632 1620
f 1620 1632 1633
f 1620 1633 1621
f 1621 1633 1634
f 1621 1634 1622
f 1622 1634 1635
f 1622 1635 1623
f 1623 1635 1624
f 1623 1624 1612
f 1636 1624 1625
f 1636 1625 1626
f 1636 1626 1627
f 1636 1627 1628
f 1636 1628 1629
f 1636 1629 1630
f 1636 1630 1631
f 1636 1631 1632
f 1636 1632 1633
f 1636 1633 1634
f 1636 1634 1635
f 1636 1635 1624
o paw_hind_left
v 0.08300 0.11800 -0.15500
v 0.10060 0.11496 -0.15500
v 0.09825 0.11496 -0.16725
v 0.09180 0.11496 -0.17621
v 0.08300 0.11496 -0.17949
v 0.07420 0.11496 -0.17621
v 0.06775 0.11496 -0.16725
v 0.06540 0.11496 -0.15500
v 0.06775 0.11496 -0.14275
v 0.07420 0.11496 -0.13379
v 0.08300 0.11496 -0.13051
v 0.09180 0.11496 -0.13379
v 0.09825 0.11496 -0.14275
v 0.11553 0.10628 -0.15500
v 0.11117 0.10628 -0.17763
v 0.09926 0.10628 -0.19419
v 0.08300 0.10628 -0.20025
v 0.06674 0.10628 -0.19419
v 0.05483 0.10628 -0.17763
v 0.05047 0.10628 -0.15500
v 0.05483 0.10628 -0.13237
v 0.06674 0.10628 -0.11581
v 0.08300 0.10628 -0.10975
v 0.09926 0.10628 -0.11581
v 0.11117 0.10628 -0.13237
v 0.12550 0.09331 -0.15500
v 0.11980 0.09331 -0.18456
v 0.10425 0.09331 -0.20621
v 0.08300 0.09331 -0.21413
v 0.06175 0.09331 -0.20621
v 0.04620 0.09331 -0.18456
v 0.04050 0.09331 -0.15500
v 0.04620 0.09331 -0.12544
v 0.06175 0.09331 -0.10379
v 0.08300 0.09331 -0.09587
v 0.10425 0.09331 -0.10379
v 0.11980 0.09331 -0.12544
v 0.12900 0.07800 -0.15500
v 0.12284 0.07800 -0.18700
v 0.10600 0.07800 -0.21043
v 0.08300 0.07800 -0.21900
v 0.06000 0.07800 -0.21043
v 0.04316 0.07800 -0.18700
v 0.03700 0.07800 -0.15500
v 0.04316 0.07800 -0.12300
v 0.06000 0.07800 -0.09957
v 0.08300 0.07800 -0.09100
v 0.10600 0.07800 -0.09957
v 0.12284 0.07800 -0.12300
v 0.12550 0.06269 -0.15500
v 0.11980 0.06269 -0.18456
v 0.10425 0.06269 -0.20621
v 0.08300 0.06269 -0.21413
v 0.06175 0.06269 -0.20621
v 0.04620 0.06269 -0.18456
v 0.04050 0.06269 -0.15500
v 0.04620 0.06269 -0.12544
v 0.06175 0.06269 -0.10379
v 0.08300 0.06269 -0.09587
v 0.10425 0.06269 -0.10379
v 0.11980 0.06269 -0.12544
v 0.11553 0.04972 -0.15500
v 0.11117 0.04972 -0.17763
v 0.09926 0.04972 -0.19419
v 0.08300 0.04972 -0.20025
v 0.06674 0.04972 -0.19419
v 0.05483 0.04972 -0.17763
v 0.05047 0.04972 -0.15500
v 0.05483 0.04972 -0.13237
v 0.06674 0.04972 -0.11581
v 0.08300 0.04972 -0.10975
v 0.09926 0.04972 -0.11581
v 0.11117 0.04972 -0.13237
v 0.10060 0.04104 -0.15500
v 0.09825 0.04104 -0.16725
v 0.09180 0.04104 -0.17621
v 0.08300 0.04104 -0.17949
v 0.07420 0.04104 -0.17621
v 0.06775 0.04104 -0.16725
v 0.06540 0.04104 -0.15500
v 0.06775 0.04104 -0.14275
v 0.07420 0.04104 -0.13379
v 0.08300 0.04104 -0.13051
v 0.09180 0.04104 -0.13379
v 0.09825 0.04104 -0.14275
v 0.08300 0.03800 -0.15500
usemtl cream
f 1637 1638 1639
f 1637 1639 1640
f 1637 1640 1641
f 1637 1641 1642
f 1637 1642 1643
f 1637 1643 1644
f 1637 1644 1645
f 1637 1645 1646
f 1637 1646 1647
f 1637 1647 1648
f 1637 1648 1649
f 1637 1649 1638
f 1638 1650 1651
f 1638 1651 1639
f 1639 1651 1652
f 1639 1652 1640
f 1640 1652 1653
f 1640 1653 1641
f 1641 1653 1654
f 1641 1654 1642
f 1642 1654 1655
f 1642 1655 1643
f 1643 1655 1656
f 1643 1656 1644
f 1644 1656 1657
f 1644 1657 1645
f 1645 1657 1658
f 1645 1658 1646
f 1646 1658 1659
f 1646 1659 1647
f 1647 1659 1660
f 1647 1660 1648
f 1648 1660 1661
f 1648 1661 1649
f 1649 1661 1650
f 1649 1650 1638
f 1650 1662 1663
f 1650 1663 1651
f 1651 1663 1664
f 1651 1664 1652
f 1652 1664 1665
f 1652 1665 1653
f 1653 1665 1666
f 1653 1666 1654
f 1654 1666 1667
f 1654 1667 1655
f 1655 1667 1668
f 1655 1668 1656
f 1656 1668 1669
f 1656 1669 1657
f 1657 1669 1670
f 1657 1670 1658
f 1658 1670 1671
f 1658 1671 1659
f 1659 1671 1672
f 1659 1672 1660
f 1660 1672 1673
f 1660 1673 1661
f 1661 1673 1662
f 1661 1662 1650
f 1662 1674 1675
f 1662 1675 1663
f 1663 1675 1676
f 1663 1676 1664
f 1664 1676 1677
f 1664 1677 1665
f 1665 1677 1678
f 1665 1678 1666
f 1666 1678 1679
f 1666 1679 1667
f 1667 1679 1680
f 1667 1680 1668
f 1668 1680 1681
f 1668 1681 1669
f 1669 1681 1682
f 1669 1682 1670
f 1670 1682 1683
f 1670 1683 1671
f 1671 1683 1684
f 1671 1684 1672
f 1672 1684 1685
f 1672 1685 1673
f 1673 1685 1674
f 1673 1674 1662
f 1674 1686 1687
f 1674 1687 1675
f 1675 1687 1688
f 1675 1688 1676
f 1676 1688 1689
f 1676 1689 1677
f 1677 1689 1690
f 1677 1690 1678
f 1678 1690 1691
f 1678 1691 1679
f 1679 1691 1692
f 1679 1692 1680
f 1680 1692 1693
f 1680 1693 1681
f 1681 1693 1694
f 1681 1694 1682
f 1682 1694 1695
f 1682 1695 1683
f 1683 1695 1696
f 1683 1696 1684
f 1684 1696 1697
f 1684 1697 1685
f 1685 1697 1686
f 1685 1686 1674
f 1686 1698 1699
f 1686 1699 1687
f 1687 1699 1700
f 1687 1700 1688
f 1688 1700 1701
f 1688 1701 1689
f 1689 1701 1702
f 1689 1702 1690
f 1690 1702 1703
f 1690 1703 1691
f 1691 1703 1704
f 1691 1704 1692
f 1692 1704 1705
f 1692 1705 1693
f 1693 1705 1706
f 1693 1706 1694
f 1694 1706 1707
f 1694 1707 1695
f 1695 1707 1708
f 1695 1708 1696
f 1696 1708 1709
f 1696 1709 1697
f 1697 1709 1698
f 1697 1698 1686
f 1698 1710 1711
f 1698 1711 1699
f 1699 1711 1712
f 1699 1712 1700
f 1700 1712 1713
f 1700 1713 1701
f 1701 1713 1714
f 1701 1714 1702
f 1702 1714 1715
f 1702 1715 1703
f 1703 1715 1716
f 1703 1716 1704
f 1704 1716 1717
f 1704 1717 1705
f 1705 1717 1718
f 1705 1718 1706
f 1706 1718 1719
f 1706 1719 1707
f 1707 1719 1720
f 1707 1720 1708
f 1708 1720 1721
f 1708 1721 1709
f 1709 1721 1710
f 1709 1710 1698
f 1722 1711 1710
f 1722 1712 1711
f 1722 1713 1712
f 1722 1714 1713
f 1722 1715 1714
f 1722 1716 1715
f 1722 1717 1716
f 1722 1718 1717
f 1722 1719 1718
f 1722 1720 1719
f 1722 1721 1720
f 1722 1710 1721
o ear_right
v -0.05155 0.65233 0.30622
v -0.05206 0.65035 0.31666
v -0.05706 0.65202 0.31531
v -0.06072 0.65335 0.31151
v -0.06206 0.65398 0.30628
v -0.06072 0.65374 0.30101
v -0.05706 0.65270 0.29712
v -0.05206 0.65114 0.29566
v -0.04706 0.64948 0.29700
v -0.04340 0.64815 0.30080
v -0.04206 0.64752 0.30603
v -0.04340 0.64776 0.31130
v -0.04706 0.64879 0.31519
v -0.05354 0.64541 0.32595
v -0.06305 0.64858 0.32339
v -0.07001 0.65110 0.31617
v -0.07256 0.65230 0.30621
v -0.07001 0.65185 0.29620
v -0.06305 0.64988 0.28880
v -0.05354 0.64691 0.28601
v -0.04404 0.64374 0.28857
v -0.03707 0.64121 0.29580
v -0.03453 0.64002 0.30575
v -0.03707 0.64046 0.31577
v -0.04404 0.64244 0.32316
v -0.05586 0.63797 0.33320
v -0.06894 0.64233 0.32968
v -0.07852 0.64581 0.31973
v -0.08203 0.64745 0.30603
v -0.07852 0.64684 0.29225
v -0.06894 0.64412 0.28207
v -0.05586 0.64004 0.27823
v -0.04277 0.63567 0.28175
v -0.03319 0.63220 0.29170
v -0.02968 0.63055 0.30540
v -0.03319 0.63117 0.31918
v -0.04277 0.63388 0.32936
v -0.05877 0.62878 0.33769
v -0.07415 0.63391 0.33355
v -0.08542 0.63799 0.32186
v -0.08954 0.63992 0.30575
v -0.08542 0.63920 0.28954
v -0.07415 0.63601 0.27758
v -0.05877 0.63121 0.27306
v -0.04338 0.62608 0.27720
v -0.03212 0.62199 0.28890
v -0.02800 0.62006 0.30500
v -0.03212 0.62078 0.32121
v -0.04338 0.62397 0.33317
v -0.06200 0.61872 0.33898
v -0.07818 0.62412 0.33462
v -0.09002 0.62841 0.32233
v -0.09435 0.63045 0.30539
v -0.09002 0.62968 0.28835
v -0.07818 0.62633 0.27577
v -0.06200 0.62128 0.27102
v -0.04582 0.61588 0.27538
v -0.03398 0.61159 0.28767
v -0.02965 0.60955 0.30461
v -0.03398 0.61032 0.32165
v -0.04582 0.61367 0.33423
v -0.10500 0.48595 0.32798
v -0.11832 0.49039 0.32439
v -0.12807 0.49392 0.31427
v -0.13164 0.49560 0.30032
v -0.12807 0.49498 0.28629
v -0.11832 0.49221 0.27593
v -0.10500 0.48805 0.27202
v -0.09168 0.48361 0.27561
v -0.08193 0.48008 0.28573
v -0.07836 0.47840 0.29968
v -0.08193 0.47902 0.31371
v -0.09168 0.48179 0.32407
v -0.10766 0.47777 0.32630
v -0.12033 0.48200 0.32289
v -0.12961 0.48536 0.31326
v -0.13300 0.48695 0.30000
v -0.12961 0.48636 0.28665
v -0.12033 0.48373 0.27680
v -0.10766 0.47977 0.27308
v -0.09499 0.47555 0.27649
v -0.08572 0.47219 0.28612
v -0.08232 0.47059 0.29938
v -0.08572 0.47119 0.31273
v -0.09499 0.47382 0.32258
v -0.11006 0.47050 0.32205
v -0.12084 0.47409 0.31915
v -0.12873 0.47695 0.31096
v -0.13162 0.47831 0.29967
v -0.12873 0.47780 0.28832
v -0.12084 0.47557 0.27994
v -0.11006 0.47220 0.27678
v -0.09928 0.46861 0.27968
v -0.09139 0.46575 0.28787
v -0.08850 0.46439 0.29915
v -0.09139 0.46490 0.31050
v -0.09928 0.46713 0.31888
v -0.11196 0.46484 0.31564
v -0.11979 0.46745 0.31353
v -0.12553 0.46953 0.30758
v -0.12763 0.47052 0.29938
v -0.12553 0.47015 0.29113
v -0.11979 0.46852 0.28504
v -0.11196 0.46608 0.28274
v -0.10413 0.46347 0.28485
v -0.09840 0.46139 0.29080
v -0.09630 0.46040 0.29900
v -0.09840 0.46077 0.30725
v -0.10413 0.46240 0.31334
v -0.11319 0.46135 0.30769
v -0.11730 0.46273 0.30659
v -0.12032 0.46382 0.30346
v -0.12142 0.46434 0.29915
v -0.12032 0.46414 0.29481
v -0.11730 0.46329 0.29161
v -0.11319 0.46200 0.29040
v -0.10907 0.46063 0.29151
v -0.10606 0.45954 0.29464
v -0.10495 0.45902 0.29895
v -0.10606 0.45921 0.30328
v -0.10907 0.46007 0.30649
v -0.11361 0.46037 0.29900
usemtl fur
f 1723 1725 1724
f 1723 1726 1725
f 1723 1727 1726
f 1723 1728 1727
f 1723 1729 1728
f 1723 1730 1729
f 1723 1731 1730
f 1723 1732 1731
f 1723 1733 1732
f 1723 1734 1733
f 1723 1735 1734
f 1723 1724 1735
f 1724 1736 1737
f 1724 1737 1725
f 1725 1737 1738
f 1725 1738 1726
f 1726 1738 1739
f 1726 1739 1727
f 1727 1739 1740
f 1727 1740 1728
f 1728 1740 1741
f 1728 1741 1729
f 1729 1741 1742
f 1729 1742 1730
f 1730 1742 1743
f 1730 1743 1731
f 1731 1743 1744
f 1731 1744 1732
f 1732 1744 1745
f 1732 1745 1733
f 1733 1745 1746
f 1733 1746 1734
f 1734 1746 1747
f 1734 1747 1735
f 1735 1747 1736
f 1735 1736 1724
f 1736 1748 1749
f 1736 1749 1737
f 1737 1749 1750
f 1737 1750 1738
f 1738 1750 1751
f 1738 1751 1739
f 1739 1751 1752
f 1739 1752 1740
f 1740 1752 1753
f 1740 1753 1741
f 1741 1753 1754
f 1741 1754 1742
f 1742 1754 1755
f 1742 1755 1743
f 1743 1755 1756
f 1743 1756 1744
f 1744 1756 1757
f 1744 1757 1745
f 1745 1757 1758
f 1745 1758 1746
f 1746 1758 1759
f 1746 1759 1747
f 1747 1759 1748
f 1747 1748 1736
f 1748 1760 1761
f 1748 1761 1749
f 1749 1761 1762
f 1749 1762 1750
f 1750 1762 1763
f 1750 1763 1751
f 1751 1763 1764
f 1751 1764 1752
f 1752 1764 1765
f 1752 1765 1753
f 1753 1765 1766
f 1753 1766 1754
f 1754 1766 1767
f 1754 1767 1755
f 1755 1767 1768
f 1755 1768 1756
f 1756 1768 1769
f 1756 1769 1757
f 1757 1769 1770
f 1757 1770 1758
f 1758 1770 1771
f 1758 1771 1759
f 1759 1771 1760
f 1759 1760 1748
f 1760 1772 1773
f 1760 1773 1761
f 1761 1773 1774
f 1761 1774 1762
f 1762 1774 1775
f 1762 1775 1763
f 1763 1775 1776
f 1763 1776 1764
f 1764 1776 1777
f 1764 1777 1765
f 1765 1777 1778
f 1765 1778 1766
f 1766 1778 1779
f 1766 1779 1767
f 1767 1779 1780
f 1767 1780 1768
f 1768 1780 1781
f 1768 1781 1769
f 1769 1781 1782
f 1769 1782 1770
f 1770 1782 1783
f 1770 1783 1771
f 1771 1783 1772
f 1771 1772 1760
f 1772 1784 1785
f 1772 1785 1773
f 1773 1785 1786
f 1773 1786 1774
f 1774 1786 1787
f 1774 1787 1775
f 1775 1787 1788
f 1775 1788 1776
f 1776 1788 1789
f 1776 1789 1777
f 1777 1789 1790
f 1777 1790 1778
f 1778 1790 1791
f 1778 1791 1779
f 1779 1791 1792
f 1779 1792 1780
f 1780 1792 1793
f 1780 1793 1781
f 1781 1793 1794
f 1781 1794 1782
f 1782 1794 1795
f 1782 1795 1783
f 1783 1795 1784
f 1783 1784 1772
f 1784 1796 1797
f 1784 1797 1785
f 1785 1797 1798
f 1785 1798 1786
f 1786 1798 1799
f 1786 1799 1787
f 1787 1799 1800
f 1787 1800 1788
f 1788 1800 1801
f 1788 1801 1789
f 1789 1801 1802
f 1789 1802 1790
f 1790 1802 1803
f 1790 1803 1791
f 1791 1803 1804
f 1791 1804 1792
f 1792 1804 1805
f 1792 1805 1793
f 1793 1805 1806
f 1793 1806 1794
f 1794 1806 1807
f 1794 1807 1795
f 1795 1807 1796
f 1795 1796 1784
f 1796 1808 1809
f 1796 1809 1797
f 1797 1809 1810
f 1797 1810 1798
f 1798 1810 1811
f 1798 1811 1799
f 1799 1811 1812
f 1799 1812 1800
f 1800 1812 1813
f 1800 1813 1801
f 1801 1813 1814
f 1801 1814 1802
f 1802 1814 1815
f 1802 1815 1803
f 1803 1815 1816
f 1803 1816 1804
f 1804 1816 1817
f 1804 1817 1805
f 1805 1817 1818
f 1805 1818 1806
f 1806 1818 1819
f 1806 1819 1807
f 1807 1819 1808
f 1807 1808 1796
f 1808 1820 1821
f 1808 1821 1809
f 1809 1821 1822
f 1809 1822 1810
f 1810 1822 1823
f 1810 1823 1811
f 1811 1823 1824
f 1811 1824 1812
f 1812 1824 1825
f 1812 1825 1813
f 1813 1825 1826
f 1813 1826 1814
f 1814 1826 1827
f 1814 1827 1815
f 1815 1827 1828
f 1815 1828 1816
f 1816 1828 1829
f 1816 1829 1817
f 1817 1829 1830
f 1817 1830 1818
f 1818 1830 1831
f 1818 1831 1819
f 1819 1831 1820
f 1819 1820 1808
f 1820 1832 1833
f 1820 1833 1821
f 1821 1833 1834
f 1821 1834 1822
f 1822 1834 1835
f 1822 1835 1823
f 1823 1835 1836
f 1823 1836 1824
f 1824 1836 1837
f 1824 1837 1825
f 1825 1837 1838
f 1825 1838 1826
f 1826 1838 1839
f 1826 1839 1827
f 1827 1839 1840
f 1827 1840 1828
f 1828 1840 1841
f 1828 1841 1829
f 1829 1841 1842
f 1829 1842 1830
f 1830 1842 1843
f 1830 1843 1831
f 1831 1843 1832
f 1831 1832 1820
f 1844 1832 1833
f 1844 1833 1834
f 1844 1834 1835
f 1844 1835 1836
f 1844 1836 1837
f 1844 1837 1838
f 1844 1838 1839
f 1844 1839 1840
f 1844 1840 1841
f 1844 1841 1842
f 1844 1842 1843
f 1844 1843 1832
o ear_inner_right
v -0.06488 0.61828 0.31091
v -0.06513 0.61709 0.31673
v -0.06796 0.61792 0.31599
v -0.07003 0.61860 0.31387
v -0.07079 0.61896 0.31095
v -0.07003 0.61889 0.30801
v -0.06796 0.61842 0.30583
v -0.06513 0.61767 0.30501
v -0.06231 0.61684 0.30575
v -0.06024 0.61616 0.30787
v -0.05948 0.61580 0.31079
v -0.06024 0.61587 0.31373
v -0.06231 0.61634 0.31591
v -0.06586 0.61423 0.32189
v -0.07124 0.61580 0.32047
v -0.07517 0.61711 0.31645
v -0.07662 0.61779 0.31089
v -0.07517 0.61767 0.30529
v -0.07124 0.61677 0.30115
v -0.06586 0.61534 0.29959
v -0.06048 0.61377 0.30100
v -0.05655 0.61246 0.30503
v -0.05510 0.61178 0.31059
v -0.05655 0.61190 0.31619
v -0.06048 0.61280 0.32032
v -0.06699 0.60997 0.32589
v -0.07439 0.61214 0.32394
v -0.07981 0.61394 0.31839
v -0.08180 0.61488 0.31074
v -0.07981 0.61471 0.30304
v -0.07439 0.61347 0.29735
v -0.06699 0.61151 0.29518
v -0.05959 0.60934 0.29714
v -0.05417 0.60754 0.30268
v -0.05219 0.60661 0.31033
v -0.05417 0.60678 0.31803
v -0.05959 0.60801 0.32373
v -0.06842 0.60474 0.32833
v -0.07712 0.60730 0.32603
v -0.08349 0.60941 0.31952
v -0.08582 0.61051 0.31053
v -0.08349 0.61031 0.30147
v -0.07712 0.60886 0.29477
v -0.06842 0.60655 0.29223
v -0.05972 0.60400 0.29453
v -0.05335 0.60189 0.30105
v -0.05102 0.60079 0.31004
v -0.05335 0.60099 0.31910
v -0.05972 0.60244 0.32579
v -0.07000 0.59905 0.32898
v -0.07915 0.60173 0.32656
v -0.08585 0.60395 0.31971
v -0.08830 0.60511 0.31026
v -0.08585 0.60490 0.30073
v -0.07915 0.60338 0.29369
v -0.07000 0.60095 0.29102
v -0.06085 0.59827 0.29344
v -0.05415 0.59605 0.30029
v -0.05170 0.59489 0.30974
v -0.05415 0.59510 0.31927
v -0.06085 0.59662 0.32631
v -0.09800 0.49930 0.31898
v -0.10474 0.50128 0.31720
v -0.10968 0.50291 0.31215
v -0.11148 0.50377 0.30519
v -0.10968 0.50361 0.29817
v -0.10474 0.50249 0.29298
v -0.09800 0.50070 0.29102
v -0.09126 0.49872 0.29280
v -0.08632 0.49709 0.29785
v -0.08452 0.49623 0.30481
v -0.08632 0.49639 0.31183
v -0.09126 0.49751 0.31702
v -0.09917 0.49517 0.31809
v -0.10558 0.49705 0.31640
v -0.11027 0.49861 0.31160
v -0.11199 0.49942 0.30497
v -0.11027 0.49927 0.29830
v -0.10558 0.49821 0.29336
v -0.09917 0.49650 0.29149
v -0.09275 0.49462 0.29319
v -0.08806 0.49307 0.29799
v -0.08634 0.49226 0.30461
v -0.08806 0.49240 0.31129
v -0.09275 0.49347 0.31622
v -0.10022 0.49152 0.31592
v -0.10567 0.49312 0.31448
v -0.10966 0.49444 0.31039
v -0.11112 0.49513 0.30476
v -0.10966 0.49501 0.29908
v -0.10567 0.49410 0.29488
v -0.10022 0.49265 0.29329
v -0.09476 0.49105 0.29473
v -0.09077 0.48973 0.29882
v -0.08931 0.48904 0.30445
v -0.09077 0.48916 0.31013
v -0.09476 0.49007 0.31432
v -0.10105 0.48869 0.31267
v -0.10501 0.48986 0.31163
v -0.10791 0.49082 0.30866
v -0.10898 0.49132 0.30457
v -0.10791 0.49123 0.30044
v -0.10501 0.49057 0.29739
v -0.10105 0.48952 0.29624
v -0.09709 0.48836 0.29728
v -0.09419 0.48739 0.30025
v -0.09313 0.48689 0.30434
v -0.09419 0.48698 0.30847
v -0.09709 0.48764 0.31152
v -0.10159 0.48698 0.30868
v -0.10367 0.48759 0.30813
v -0.10519 0.48809 0.30657
v -0.10575 0.48836 0.30442
v -0.10519 0.48831 0.30225
v -0.10367 0.48796 0.30065
v -0.10159 0.48741 0.30004
v -0.09950 0.48680 0.30059
v -0.09798 0.48629 0.30215
v -0.09742 0.48603 0.30430
v -0.09798 0.48608 0.30647
v -0.09950 0.48642 0.30807
v -0.10177 0.48653 0.30433
usemtl pink
f 1845 1847 1846
f 1845 1848 1847
f 1845 1849 1848
f 1845 1850 1849
f 1845 1851 1850
f 1845 1852 1851
f 1845 1853 1852
f 1845 1854 1853
f 1845 1855 1854
f 1845 1856 1855
f 1845 1857 1856
f 1845 1846 1857
f 1846 1858 1859
f 1846 1859 1847
f 1847 1859 1860
f 1847 1860 1848
f 1848 1860 1861
f 1848 1861 1849
f 1849 1861 1862
f 1849 1862 1850
f 1850 1862 1863
f 1850 1863 1851
f 1851 1863 1864
f 1851 1864 1852
f 1852 1864 1865
f 1852 1865 1853
f 1853 1865 1866
f 1853 1866 1854
f 1854 1866 1867
f 1854 1867 1855
f 1855 1867 1868
f 1855 1868 1856
f 1856 1868 1869
f 1856 1869 1857
f 1857 1869 1858
f 1857 1858 1846
f 1858 1870 1871
f 1858 1871 1859
f 1859 1871 1872
f 1859 1872 1860
f 1860 1872 1873
f 1860 1873 1861
f 1861 1873 1874
f 1861 1874 1862
f 1862 1874 1875
f 1862 1875 1863
f 1863 1875 1876
f 1863 1876 1864
f 1864 1876 1877
f 1864 1877 1865
f 1865 1877 1878
f 1865 1878 1866
f 1866 1878 1879
f 1866 1879 1867
f 1867 1879 1880
f 1867 1880 1868
f 1868 1880 1881
f 1868 1881 1869
f 1869 1881 1870
f 1869 1870 1858
f 1870 1882 1883
f 1870 1883 1871
f 1871 1883 1884
f 1871 1884 1872
f 1872 1884 1885
f 1872 1885 1873
f 1873 1885 1886
f 1873 1886 1874
f 1874 1886 1887
f 1874 1887 1875
f 1875 1887 1888
f 1875 1888 1876
f 1876 1888 1889
f 1876 1889 1877
f 1877 1889 1890
f 1877 1890 1878
f 1878 1890 1891
f 1878 1891 1879
f 1879 1891 1892
f 1879 1892 1880
f 1880 1892 1893
f 1880 1893 1881
f 1881 1893 1882
f 1881 1882 1870
f 1882 1894 1895
f 1882 1895 1883
f 1883 1895 1896
f 1883 1896 1884
f 1884 1896 1897
f 1884 1897 1885
f 1885 1897 1898
f 1885 1898 1886
f 1886 1898 1899
f 1886 1899 1887
f 1887 1899 1900
f 1887 1900 1888
f 1888 1900 1901
f 1888 1901 1889
f 1889 1901 1902
f 1889 1902 1890
f 1890 1902 1903
f 1890 1903 1891
f 1891 1903 1904
f 1891 1904 1892
f 1892 1904 1905
f 1892 1905 1893
f 1893 1905 1894
f 1893 1894 1882
f 1894 1906 1907
f 1894 1907 1895
f 1895 1907 1908
f 1895 1908 1896
f 1896 1908 1909
f 1896 1909 1897
f 1897 1909 1910
f 1897 1910 1898
f 1898 1910 1911
f 1898 1911 1899
f 1899 1911 1912
f 1899 1912 1900
f 1900 1912 1913
f 1900 1913 1901
f 1901 1913 1914
f 1901 1914 1902
f 1902 1914 1915
f 1902 1915 1903
f 1903 1915 1916
f 1903 1916 1904
f 1904 1916 1917
f 1904 1917 1905
f 1905 1917 1906
f 1905 1906 1894
f 1906 1918 1919
f 1906 1919 1907
f 1907 1919 1920
f 1907 1920 1908
f 1908 1920 1921
f 1908 1921 1909
f 1909 1921 1922
f 1909 1922 1910
f 1910 1922 1923
f 1910 1923 1911
f 1911 1923 1924
f 1911 1924 1912
f 1912 1924 1925
f 1912 1925 1913
f 1913 1925 1926
f 1913 1926 1914
f 1914 1926 1927
f 1914 1927 1915
f 1915 1927 1928
f 1915 1928 1916
f 1916 1928 1929
f 1916 1929 1917
f 1917 1929 1918
f 1917 1918 1906
f 1918 1930 1931
f 1918 1931 1919
f 1919 1931 1932
f 1919 1932 1920
f 1920 1932 1933
f 1920 1933 1921
f 1921 1933 1934
f 1921 1934 1922
f 1922 1934 1935
f 1922 1935 1923
f 1923 1935 1936
f 1923 1936 1924
f 1924 1936 1937
f 1924 1937 1925
f 1925 1937 1938
f 1925 1938 1926
f 1926 1938 1939
f 1926 1939 1927
f 1927 1939 1940
f 1927 1940 1928
f 1928 1940 1941
f 1928 1941 1929
f 1929 1941 1930
f 1929 1930 1918
f 1930 1942 1943
f 1930 1943 1931
f 1931 1943 1944
f 1931 1944 1932
f 1932 1944 1945
f 1932 1945 1933
f 1933 1945 1946
f 1933 1946 1934
f 1934 1946 1947
f 1934 1947 1935
f 1935 1947 1948
f 1935 1948 1936
f 1936 1948 1949
f 1936 1949 1937
f 1937 1949 1950
f 1937 1950 1938
f 1938 1950 1951
f 1938 1951 1939
f 1939 1951 1952
f 1939 1952 1940
f 1940 1952 1953
f 1940 1953 1941
f 1941 1953 1942
f 1941 1942 1930
f 1942 1954 1955
f 1942 1955 1943
f 1943 1955 1956
f 1943 1956 1944
f 1944 1956 1957
f 1944 1957 1945
f 1945 1957 1958
f 1945 1958 1946
f 1946 1958 1959
f 1946 1959 1947
f 1947 1959 1960
f 1947 1960 1948
f 1948 1960 1961
f 1948 1961 1949
f 1949 1961 1962
f 1949 1962 1950
f 1950 1962 1963
f 1950 1963 1951
f 1951 1963 1964
f 1951 1964 1952
f 1952 1964 1965
f 1952 1965 1953
f 1953 1965 1954
f 1953 1954 1942
f 1966 1954 1955
f 1966 1955 1956
f 1966 1956 1957
f 1966 1957 1958
f 1966 1958 1959
f 1966 1959 1960
f 1966 1960 1961
f 1966 1961 1962
f 1966 1962 1963
f 1966 1963 1964
f 1966 1964 1965
f 1966 1965 1954
o eyeball_right
v -0.04600 0.63700 0.39200
v -0.03720 0.63525 0.39200
v -0.03838 0.63525 0.38760
v -0.04160 0.63525 0.38438
v -0.04600 0.63525 0.38320
v -0.05040 0.63525 0.38438
v -0.05362 0.63525 0.38760
v -0.05480 0.63525 0.39200
v -0.05362 0.63525 0.39640
v -0.05040 0.63525 0.39962
v -0.04600 0.63525 0.40080
v -0.04160 0.63525 0.39962
v -0.03838 0.63525 0.39640
v -0.02974 0.63026 0.39200
v -0.03192 0.63026 0.38387
v -0.03787 0.63026 0.37792
v -0.04600 0.63026 0.37574
v -0.05413 0.63026 0.37792
v -0.06008 0.63026 0.38387
v -0.06226 0.63026 0.39200
v -0.06008 0.63026 0.40013
v -0.05413 0.63026 0.40608
v -0.04600 0.63026 0.40826
v -0.03787 0.63026 0.40608
v -0.03192 0.63026 0.40013
v -0.02475 0.62280 0.39200
v -0.02760 0.62280 0.38138
v -0.03538 0.62280 0.37360
v -0.04600 0.62280 0.37075
v -0.05662 0.62280 0.37360
v -0.06440 0.62280 0.38138
v -0.06725 0.62280 0.39200
v -0.06440 0.62280 0.40262
v -0.05662 0.62280 0.41040
v -0.04600 0.62280 0.41325
v -0.03538 0.62280 0.41040
v -0.02760 0.62280 0.40262
v -0.02300 0.61400 0.39200
v -0.02608 0.61400 0.38050
v -0.03450 0.61400 0.37208
v -0.04600 0.61400 0.36900
v -0.05750 0.61400 0.37208
v -0.06592 0.61400 0.38050
v -0.06900 0.61400 0.39200
v -0.06592 0.61400 0.40350
v -0.05750 0.61400 0.41192
v -0.04600 0.61400 0.41500
v -0.03450 0.61400 0.41192
v -0.02608 0.61400 0.40350
v -0.02475 0.60520 0.39200
v -0.02760 0.60520 0.38138
v -0.03538 0.60520 0.37360
v -0.04600 0.60520 0.37075
v -0.05662 0.60520 0.37360
v -0.06440 0.60520 0.38138
v -0.06725 0.60520 0.39200
v -0.06440 0.60520 0.40262
v -0.05662 0.60520 0.41040
v -0.04600 0.60520 0.41325
v -0.03538 0.60520 0.41040
v -0.02760 0.60520 0.40262
v -0.02974 0.59774 0.39200
v -0.03192 0.59774 0.38387
v -0.03787 0.59774 0.37792
v -0.04600 0.59774 0.37574
v -0.05413 0.59774 0.37792
v -0.06008 0.59774 0.38387
v -0.06226 0.59774 0.39200
v -0.06008 0.59774 0.40013
v -0.05413 0.59774 0.40608
v -0.04600 0.59774 0.40826
v -0.03787 0.59774 0.40608
v -0.03192 0.59774 0.40013
v -0.03720 0.59275 0.39200
v -0.03838 0.59275 0.38760
v -0.04160 0.59275 0.38438
v -0.04600 0.59275 0.38320
v -0.05040 0.59275 0.38438
v -0.05362 0.59275 0.38760
v -0.05480 0.59275 0.39200
v -0.05362 0.59275 0.39640
v -0.05040 0.59275 0.39962
v -0.04600 0.59275 0.40080
v -0.04160 0.59275 0.39962
v -0.03838 0.59275 0.39640
v -0.04600 0.59100 0.39200
usemtl sclera
f 1967 1968 1969
f 1967 1969 1970
f 1967 1970 1971
f 1967 1971 1972
f 1967 1972 1973
f 1967 1973 1974
f 1967 1974 1975
f 1967 1975 1976
f 1967 1976 1977
f 1967 1977 1978
f 1967 1978 1979
f 1967 1979 1968
f 1968 1980 1981
f 1968 1981 1969
f 1969 1981 1982
f 1969 1982 1970
f 1970 1982 1983
f 1970 1983 1971
f 1971 1983 1984
f 1971 1984 1972
f 1972 1984 1985
f 1972 1985 1973
f 1973 1985 1986
f 1973 1986 1974
f 1974 1986 1987
f 1974 1987 1975
f 1975 1987 1988
f 1975 1988 1976
f 1976 1988 1989
f 1976 1989 1977
f 1977 1989 1990
f 1977 1990 1978
f 1978 1990 1991
f 1978 1991 1979
f 1979 1991 1980
f 1979 1980 1968
f 1980 1992 1993
f 1980 1993 1981
f 1981 1993 1994
f 1981 1994 1982
f 1982 1994 1995
f 1982 1995 1983
f 1983 1995 1996
f 1983 1996 1984
f 1984 1996 1997
f 1984 1997 1985
f 1985 1997 1998
f 1985 1998 1986
f 1986 1998 1999
f 1986 1999 1987
f 1987 1999 2000
f 1987 2000 1988
f 1988 2000 2001
f 1988 2001 1989
f 1989 2001 2002
f 1989 2002 1990
f 1990 2002 2003
f 1990 2003 1991
f 1991 2003 1992
f 1991 1992 1980
f 1992 2004 2005
f 1992 2005 1993
f 1993 2005 2006
f 1993 2006 1994
f 1994 2006 2007
f 1994 2007 1995
f 1995 2007 2008
f 1995 2008 1996
f 1996 2008 2009
f 1996 2009 1997
f 1997 2009 2010
f 1997 2010 1998
f 1998 2010 2011
f 1998 2011 1999
f 1999 2011 2012
f 1999 2012 2000
f 2000 2012 2013
f 2000 2013 2001
f 2001 2013 2014
f 2001 2014 2002
f 2002 2014 2015
f 2002 2015 2003
f 2003 2015 2004
f 2003 2004 1992
f 2004 2016 2017
f 2004 2017 2005
f 2005 2017 2018
f 2005 2018 2006
f 2006 2018 2019
f 2006 2019 2007
f 2007 2019 2020
f 2007 2020 2008
f 2008 2020 2021
f 2008 2021 2009
f 2009 2021 2022
f 2009 2022 2010
f 2010 2022 2023
f 2010 2023 2011
f 2011 2023 2024
f 2011 2024 2012
f 2012 2024 2025
f 2012 2025 2013
f 2013 2025 2026
f 2013 2026 2014
f 2014 2026 2027
f 2014 2027 2015
f 2015 2027 2016
f 2015 2016 2004
f 2016 2028 2029
f 2016 2029 2017
f 2017 2029 2030
f 2017 2030 2018
f 2018 2030 2031
f 2018 2031 2019
f 2019 2031 2032
f 2019 2032 2020
f 2020 2032 2033
f 2020 2033 2021
f 2021 2033 2034
f 2021 2034 2022
f 2022 2034 2035
f 2022 2035 2023
f 2023 2035 2036
f 2023 2036 2024
f 2024 2036 2037
f 2024 2037 2025
f 2025 2037 2038
f 2025 2038 2026
f 2026 2038 2039
f 2026 2039 2027
f 2027 2039 2028
f 2027 2028 2016
f 2028 2040 2041
f 2028 2041 2029
f 2029 2041 2042
f 2029 2042 2030
f 2030 2042 2043
f 2030 2043 2031
f 2031 2043 2044
f 2031 2044 2032
f 2032 2044 2045
f 2032 2045 2033
f 2033 2045 2046
f 2033 2046 2034
f 2034 2046 2047
f 2034 2047 2035
f 2035 2047 2048
f 2035 2048 2036
f 2036 2048 2049
f 2036 2049 2037
f 2037 2049 2050
f 2037 2050 2038
f 2038 2050 2051
f 2038 2051 2039
f 2039 2051 2040
f 2039 2040 2028
f 2052 2041 2040
f 2052 2042 2041
f 2052 2043 2042
f 2052 2044 2043
f 2052 2045 2044
f 2052 2046 2045
f 2052 2047 2046
f 2052 2048 2047
f 2052 2049 2048
f 2052 2050 2049
f 2052 2051 2050
f 2052 2040 2051
o pupil_right
v -0.05300 0.62600 0.40600
v -0.04841 0.62509 0.40600
v -0.04902 0.62509 0.40370
v -0.05070 0.62509 0.40202
v -0.05300 0.62509 0.40141
v -0.05530 0.62509 0.40202
v -0.05698 0.62509 0.40370
v -0.05759 0.62509 0.40600
v -0.05698 0.62509 0.40830
v -0.05530 0.62509 0.40998
v -0.05300 0.62509 0.41059
v -0.05070 0.62509 0.40998
v -0.04902 0.62509 0.40830
v -0.04451 0.62249 0.40600
v -0.04565 0.62249 0.40176
v -0.04876 0.62249 0.39865
v -0.05300 0.62249 0.39751
v -0.05724 0.62249 0.39865
v -0.06035 0.62249 0.40176
v -0.06149 0.62249 0.40600
v -0.06035 0.62249 0.41024
v -0.05724 0.62249 0.41335
v -0.05300 0.62249 0.41449
v -0.04876 0.62249 0.41335
v -0.04565 0.62249 0.41024
v -0.04191 0.61859 0.40600
v -0.04340 0.61859 0.40046
v -0.04746 0.61859 0.39640
v -0.05300 0.61859 0.39491
v -0.05854 0.61859 0.39640
v -0.06260 0.61859 0.40046
v -0.06409 0.61859 0.40600
v -0.06260 0.61859 0.41154
v -0.05854 0.61859 0.41560
v -0.05300 0.61859 0.41709
v -0.04746 0.61859 0.41560
v -0.04340 0.61859 0.41154
v -0.04100 0.61400 0.40600
v -0.04261 0.61400 0.40000
v -0.04700 0.61400 0.39561
v -0.05300 0.61400 0.39400
v -0.05900 0.61400 0.39561
v -0.06339 0.61400 0.40000
v -0.06500 0.61400 0.40600
v -0.06339 0.61400 0.41200
v -0.05900 0.61400 0.41639
v -0.05300 0.61400 0.41800
v -0.04700 0.61400 0.41639
v -0.04261 0.61400 0.41200
v -0.04191 0.60941 0.40600
v -0.04340 0.60941 0.40046
v -0.04746 0.60941 0.39640
v -0.05300 0.60941 0.39491
v -0.05854 0.60941 0.39640
v -0.06260 0.60941 0.40046
v -0.06409 0.60941 0.40600
v -0.06260 0.60941 0.41154
v -0.05854 0.60941 0.41560
v -0.05300 0.60941 0.41709
v -0.04746 0.60941 0.41560
v -0.04340 0.60941 0.41154
v -0.04451 0.60551 0.40600
v -0.04565 0.60551 0.40176
v -0.04876 0.60551 0.39865
v -0.05300 0.60551 0.39751
v -0.05724 0.60551 0.39865
v -0.06035 0.60551 0.40176
v -0.06149 0.60551 0.40600
v -0.06035 0.60551 0.41024
v -0.05724 0.60551 0.41335
v -0.05300 0.60551 0.41449
v -0.04876 0.60551 0.41335
v -0.04565 0.60551 0.41024
v -0.04841 0.60291 0.40600
v -0.04902 0.60291 0.40370
v -0.05070 0.60291 0.40202
v -0.05300 0.60291 0.40141
v -0.05530 0.60291 0.40202
v -0.05698 0.60291 0.40370
v -0.05759 0.60291 0.40600
v -0.05698 0.60291 0.40830
v -0.05530 0.60291 0.40998
v -0.05300 0.60291 0.41059
v -0.05070 0.60291 0.40998
v -0.04902 0.60291 0.40830
v -0.05300 0.60200 0.40600
usemtl charcoal
f 2053 2054 2055
f 2053 2055 2056
f 2053 2056 2057
f 2053 2057 2058
f 2053 2058 2059
f 2053 2059 2060
f 2053 2060 2061
f 2053 2061 2062
f 2053 2062 2063
f 2053 2063 2064
f 2053 2064 2065
f 2053 2065 2054
f 2054 2066 2067
f 2054 2067 2055
f 2055 2067 2068
f 2055 2068 2056
f 2056 2068 2069
f 2056 2069 2057
f 2057 2069 2070
f 2057 2070 2058
f 2058 2070 2071
f 2058 2071 2059
f 2059 2071 2072
f 2059 2072 2060
f 2060 2072 2073
f 2060 2073 2061
f 2061 2073 2074
f 2061 2074 2062
f 2062 2074 2075
f 2062 2075 2063
f 2063 2075 2076
f 2063 2076 2064
f 2064 2076 2077
f 2064 2077 2065
f 2065 2077 2066
f 2065 2066 2054
f 2066 2078 2079
f 2066 2079 2067
f 2067 2079 2080
f 2067 2080 2068
f 2068 2080 2081
f 2068 2081 2069
f 2069 2081 2082
f 2069 2082 2070
f 2070 2082 2083
f 2070 2083 2071
f 2071 2083 2084
f 2071 2084 2072
f 2072 2084 2085
f 2072 2085 2073
f 2073 2085 2086
f 2073 2086 2074
f 2074 2086 2087
f 2074 2087 2075
f 2075 2087 2088
f 2075 2088 2076
f 2076 2088 2089
f 2076 2089 2077
f 2077 2089 2078
f 2077 2078 2066
f 2078 2090 2091
f 2078 2091 2079
f 2079 2091 2092
f 2079 2092 2080
f 2080 2092 2093
f 2080 2093 2081
f 2081 2093 2094
f 2081 2094 2082
f 2082 2094 2095
f 2082 2095 2083
f 2083 2095 2096
f 2083 2096 2084
f 2084 2096 2097
f 2084 2097 2085
f 2085 2097 2098
f 2085 2098 2086
f 2086 2098 2099
f 2086 2099 2087
f 2087 2099 2100
f 2087 2100 2088
f 2088 2100 2101
f 2088 2101 2089
f 2089 2101 2090
f 2089 2090 2078
f 2090 2102 2103
f 2090 2103 2091
f 2091 2103 2104
f 2091 2104 2092
f 2092 2104 2105
f 2092 2105 2093
f 2093 2105 2106
f 2093 2106 2094
f 2094 2106 2107
f 2094 2107 2095
f 2095 2107 2108
f 2095 2108 2096
f 2096 2108 2109
f 2096 2109 2097
f 2097 2109 2110
f 2097 2110 2098
f 2098 2110 2111
f 2098 2111 2099
f 2099 2111 2112
f 2099 2112 2100
f 2100 2112 2113
f 2100 2113 2101
f 2101 2113 2102
f 2101 2102 2090
f 2102 2114 2115
f 2102 2115 2103
f 2103 2115 2116
f 2103 2116 2104
f 2104 2116 2117
f 2104 2117 2105
f 2105 2117 2118
f 2105 2118 2106
f 2106 2118 2119
f 2106 2119 2107
f 2107 2119 2120
f 2107 2120 2108
f 2108 2120 2121
f 2108 2121 2109
f 2109 2121 2122
f 2109 2122 2110
f 2110 2122 2123
f 2110 2123 2111
f 2111 2123 2124
f 2111 2124 2112
f 2112 2124 2125
f 2112 2125 2113
f 2113 2125 2114
f 2113 2114 2102
f 2114 2126 2127
f 2114 2127 2115
f 2115 2127 2128
f 2115 2128 2116
f 2116 2128 2129
f 2116 2129 2117
f 2117 2129 2130
f 2117 2130 2118
f 2118 2130 2131
f 2118 2131 2119
f 2119 2131 2132
f 2119 2132 2120
f 2120 2132 2133
f 2120 2133 2121
f 2121 2133 2134
f 2121 2134 2122
f 2122 2134 2135
f 2122 2135 2123
f 2123 2135 2136
f 2123 2136 2124
f 2124 2136 2137
f 2124 2137 2125
f 2125 2137 2126
f 2125 2126 2114
f 2138 2127 2126
f 2138 2128 2127
f 2138 2129 2128
f 2138 2130 2129
f 2138 2131 2130
f 2138 2132 2131
f 2138 2133 2132
f 2138 2134 2133
f 2138 2135 2134
f 2138 2136 2135
f 2138 2137 2136
f 2138 2126 2137
o leg_front_right
v -0.07054 0.47193 0.13300
v -0.07061 0.47049 0.14607
v -0.07709 0.47064 0.14432
v -0.08184 0.47057 0.13956
v -0.08358 0.47033 0.13308
v -0.08184 0.46996 0.12660
v -0.07709 0.46957 0.12186
v -0.07061 0.46926 0.12014
v -0.06412 0.46911 0.12188
v -0.05937 0.46917 0.12664
v -0.05764 0.46942 0.13312
v -0.05937 0.46979 0.13960
v -0.06412 0.47018 0.14434
v -0.07082 0.46509 0.15804
v -0.08315 0.46537 0.15472
v -0.09218 0.46525 0.14568
v -0.09549 0.46478 0.13334
v -0.09218 0.46408 0.12102
v -0.08315 0.46333 0.11201
v -0.07082 0.46275 0.10873
v -0.05848 0.46247 0.11205
v -0.04945 0.46259 0.12109
v -0.04614 0.46306 0.13343
v -0.04945 0.46376 0.14575
v -0.05848 0.46451 0.15476
v -0.07114 0.45626 0.16777
v -0.08812 0.45664 0.16319
v -0.10055 0.45648 0.15075
v -0.10510 0.45583 0.13377
v -0.10055 0.45486 0.11681
v -0.08812 0.45384 0.10441
v -0.07114 0.45303 0.09989
v -0.05416 0.45265 0.10446
v -0.04173 0.45281 0.11691
v -0.03718 0.45346 0.13388
v -0.04173 0.45443 0.15085
v -0.05416 0.45545 0.16325
v -0.07155 0.44486 0.17428
v -0.09151 0.44530 0.16890
v -0.10612 0.44511 0.15428
v -0.11147 0.44435 0.13432
v -0.10612 0.44321 0.11438
v -0.09151 0.44201 0.09980
v -0.07155 0.44106 0.09448
v -0.05159 0.44062 0.09986
v -0.03698 0.44080 0.11449
v -0.03163 0.44157 0.13445
v -0.03698 0.44270 0.15439
v -0.05159 0.44391 0.16897
v -0.07200 0.43200 0.17695
v -0.09299 0.43246 0.17130
v -0.10835 0.43227 0.15592
v -0.11397 0.43146 0.13493
v -0.10835 0.43027 0.11396
v -0.09299 0.42900 0.09863
v -0.07200 0.42800 0.09305
v -0.05101 0.42754 0.09870
v -0.03565 0.42773 0.11408
v -0.03003 0.42854 0.13507
v -0.03565 0.42973 0.15604
v -0.05101 0.43100 0.17137
v -0.08300 0.11671 0.18596
v -0.10099 0.11711 0.18111
v -0.11416 0.11694 0.16793
v -0.11898 0.11625 0.14994
v -0.11416 0.11523 0.13197
v -0.10099 0.11414 0.11883
v -0.08300 0.11329 0.11404
v -0.06501 0.11289 0.11889
v -0.05184 0.11306 0.13207
v -0.04702 0.11375 0.15006
v -0.05184 0.11477 0.16803
v -0.06501 0.11586 0.18117
v -0.08339 0.10552 0.18473
v -0.10050 0.10590 0.18012
v -0.11302 0.10574 0.16758
v -0.11761 0.10509 0.15047
v -0.11302 0.10411 0.13338
v -0.10050 0.10308 0.12088
v -0.08339 0.10227 0.11633
v -0.06628 0.10189 0.12094
v -0.05375 0.10205 0.13348
v -0.04917 0.10270 0.15059
v -0.05375 0.10368 0.16768
v -0.06628 0.10471 0.18017
v -0.08374 0.09526 0.18010
v -0.09829 0.09558 0.17618
v -0.10894 0.09545 0.16551
v -0.11284 0.09489 0.15096
v -0.10894 0.09406 0.13642
v -0.09829 0.09318 0.12579
v -0.08374 0.09249 0.12191
v -0.06918 0.09217 0.12584
v -0.05853 0.09231 0.13650
v -0.05463 0.09286 0.15105
v -0.05853 0.09369 0.16559
v -0.06918 0.09457 0.17622
v -0.08402 0.08693 0.17252
v -0.09459 0.08717 0.16967
v -0.10233 0.08707 0.16192
v -0.10516 0.08666 0.15135
v -0.10233 0.08606 0.14079
v -0.09459 0.08542 0.13306
v -0.08402 0.08492 0.13025
v -0.07344 0.08469 0.13310
v -0.06570 0.08478 0.14085
v -0.06287 0.08519 0.15142
v -0.06570 0.08579 0.16198
v -0.07344 0.08643 0.16971
v -0.08419 0.08135 0.16274
v -0.08975 0.08147 0.16124
v -0.09382 0.08142 0.15717
v -0.09531 0.08121 0.15161
v -0.09382 0.08089 0.14606
v -0.08975 0.08056 0.14200
v -0.08419 0.08029 0.14052
v -0.07863 0.08017 0.14201
v -0.07457 0.08022 0.14609
v -0.07308 0.08043 0.15165
v -0.07457 0.08075 0.15720
v -0.07863 0.08109 0.16126
v -0.08425 0.07906 0.15171
usemtl fur
f 2139 2141 2140
f 2139 2142 2141
f 2139 2143 2142
f 2139 2144 2143
f 2139 2145 2144
f 2139 2146 2145
f 2139 2147 2146
f 2139 2148 2147
f 2139 2149 2148
f 2139 2150 2149
f 2139 2151 2150
f 2139 2140 2151
f 2140 2152 2153
f 2140 2153 2141
f 2141 2153 2154
f 2141 2154 2142
f 2142 2154 2155
f 2142 2155 2143
f 2143 2155 2156
f 2143 2156 2144
f 2144 2156 2157
f 2144 2157 2145
f 2145 2157 2158
f 2145 2158 2146
f 2146 2158 2159
f 2146 2159 2147
f 2147 2159 2160
f 2147 2160 2148
f 2148 2160 2161
f 2148 2161 2149
f 2149 2161 2162
f 2149 2162 2150
f 2150 2162 2163
f 2150 2163 2151
f 2151 2163 2152
f 2151 2152 2140
f 2152 2164 2165
f 2152 2165 2153
f 2153 2165 2166
f 2153 2166 2154
f 2154 2166 2167
f 2154 2167 2155
f 2155 2167 2168
f 2155 2168 2156
f 2156 2168 2169
f 2156 2169 2157
f 2157 2169 2170
f 2157 2170 2158
f 2158 2170 2171
f 2158 2171 2159
f 2159 2171 2172
f 2159 2172 2160
f 2160 2172 2173
f 2160 2173 2161
f 2161 2173 2174
f 2161 2174 2162
f 2162 2174 2175
f 2162 2175 2163
f 2163 2175 2164
f 2163 2164 2152
f 2164 2176 2177
f 2164 2177 2165
f 2165 2177 2178
f 2165 2178 2166
f 2166 2178 2179
f 2166 2179 2167
f 2167 2179 2180
f 2167 2180 2168
f 2168 2180 2181
f 2168 2181 2169
f 2169 2181 2182
f 2169 2182 2170
f 2170 2182 2183
f 2170 2183 2171
f 2171 2183 2184
f 2171 2184 2172
f 2172 2184 2185
f 2172 2185 2173
f 2173 2185 2186
f 2173 2186 2174
f 2174 2186 2187
f 2174 2187 2175
f 2175 2187 2176
f 2175 2176 2164
f 2176 2188 2189
f 2176 2189 2177
f 2177 2189 2190
f 2177 2190 2178
f 2178 2190 2191
f 2178 2191 2179
f 2179 2191 2192
f 2179 2192 2180
f 2180 2192 2193
f 2180 2193 2181
f 2181 2193 2194
f 2181 2194 2182
f 2182 2194 2195
f 2182 2195 2183
f 2183 2195 2196
f 2183 2196 2184
f 2184 2196 2197
f 2184 2197 2185
f 2185 2197 2198
f 2185 2198 2186
f 2186 2198 2199
f 2186 2199 2187
f 2187 2199 2188
f 2187 2188 2176
f 2188 2200 2201
f 2188 2201 2189
f 2189 2201 2202
f 2189 2202 2190
f 2190 2202 2203
f 2190 2203 2191
f 2191 2203 2204
f 2191 2204 2192
f 2192 2204 2205
f 2192 2205 2193
f 2193 2205 2206
f 2193 2206 2194
f 2194 2206 2207
f 2194 2207 2195
f 2195 2207 2208
f 2195 2208 2196
f 2196 2208 2209
f 2196 2209 2197
f 2197 2209 2210
f 2197 2210 2198
f 2198 2210 2211
f 2198 2211 2199
f 2199 2211 2200
f 2199 2200 2188
f 2200 2212 2213
f 2200 2213 2201
f 2201 2213 2214
f 2201 2214 2202
f 2202 2214 2215
f 2202 2215 2203
f 2203 2215 2216
f 2203 2216 2204
f 2204 2216 2217
f 2204 2217 2205
f 2205 2217 2218
f 2205 2218 2206
f 2206 2218 2219
f 2206 2219 2207
f 2207 2219 2220
f 2207 2220 2208
f 2208 2220 2221
f 2208 2221 2209
f 2209 2221 2222
f 2209 2222 2210
f 2210 2222 2223
f 2210 2223 2211
f 2211 2223 2212
f 2211 2212 2200
f 2212 2224 2225
f 2212 2225 2213
f 2213 2225 2226
f 2213 2226 2214
f 2214 2226 2227
f 2214 2227 2215
f 2215 2227 2228
f 2215 2228 2216
f 2216 2228 2229
f 2216 2229 2217
f 2217 2229 2230
f 2217 2230 2218
f 2218 2230 2231
f 2218 2231 2219
f 2219 2231 2232
f 2219 2232 2220
f 2220 2232 2233
f 2220 2233 2221
f 2221 2233 2234
f 2221 2234 2222
f 2222 2234 2235
f 2222 2235 2223
f 2223 2235 2224
f 2223 2224 2212
f 2224 2236 2237
f 2224 2237 2225
f 2225 2237 2238
f 2225 2238 2226
f 2226 2238 2239
f 2226 2239 2227
f 2227 2239 2240
f 2227 2240 2228
f 2228 2240 2241
f 2228 2241 2229
f 2229 2241 2242
f 2229 2242 2230
f 2230 2242 2243
f 2230 2243 2231
f 2231 2243 2244
f 2231 2244 2232
f 2232 2244 2245
f 2232 2245 2233
f 2233 2245 2246
f 2233 2246 2234
f 2234 2246 2247
f 2234 2247 2235
f 2235 2247 2236
f 2235 2236 2224
f 2236 2248 2249
f 2236 2249 2237
f 2237 2249 2250
f 2237 2250 2238
f 2238 2250 2251
f 2238 2251 2239
f 2239 2251 2252
f 2239 2252 2240
f 2240 2252 2253
f 2240 2253 2241
f 2241 2253 2254
f 2241 2254 2242
f 2242 2254 2255
f 2242 2255 2243
f 2243 2255 2256
f 2243 2256 2244
f 2244 2256 2257
f 2244 2257 2245
f 2245 2257 2258
f 2245 2258 2246
f 2246 2258 2259
f 2246 2259 2247
f 2247 2259 2248
f 2247 2248 2236
f 2260 2248 2249
f 2260 2249 2250
f 2260 2250 2251
f 2260 2251 2252
f 2260 2252 2253
f 2260 2253 2254
f 2260 2254 2255
f 2260 2255 2256
f 2260 2256 2257
f 2260 2257 2258
f 2260 2258 2259
f 2260 2259 2248
o paw_front_right
v -0.08300 0.11800 0.16300
v -0.06540 0.11496 0.16300
v -0.06775 0.11496 0.15075
v -0.07420 0.11496 0.14179
v -0.08300 0.11496 0.13851
v -0.09180 0.11496 0.14179
v -0.09825 0.11496 0.15075
v -0.10060 0.11496 0.16300
v -0.09825 0.11496 0.17525
v -0.09180 0.11496 0.18421
v -0.08300 0.11496 0.18749
v -0.07420 0.11496 0.18421
v -0.06775 0.11496 0.17525
v -0.05047 0.10628 0.16300
v -0.05483 0.10628 0.14037
v -0.06674 0.10628 0.12381
v -0.08300 0.10628 0.11775
v -0.09926 0.10628 0.12381
v -0.11117 0.10628 0.14037
v -0.11553 0.10628 0.16300
v -0.11117 0.10628 0.18563
v -0.09926 0.10628 0.20219
v -0.08300 0.10628 0.20825
v -0.06674 0.10628 0.20219
v -0.05483 0.10628 0.18563
v -0.04050 0.09331 0.16300
v -0.04620 0.09331 0.13344
v -0.06175 0.09331 0.11179
v -0.08300 0.09331 0.10387
v -0.10425 0.09331 0.11179
v -0.11980 0.09331 0.13344
v -0.12550 0.09331 0.16300
v -0.11980 0.09331 0.19256
v -0.10425 0.09331 0.21421
v -0.08300 0.09331 0.22213
v -0.06175 0.09331 0.21421
v -0.04620 0.09331 0.19256
v -0.03700 0.07800 0.16300
v -0.04316 0.07800 0.13100
v -0.06000 0.07800 0.10757
v -0.08300 0.07800 0.09900
v -0.10600 0.07800 0.10757
v -0.12284 0.07800 0.13100
v -0.12900 0.07800 0.16300
v -0.12284 0.07800 0.19500
v -0.10600 0.07800 0.21843
v -0.08300 0.07800 0.22700
v -0.06000 0.07800 0.21843
v -0.04316 0.07800 0.19500
v -0.04050 0.06269 0.16300
v -0.04620 0.06269 0.13344
v -0.06175 0.06269 0.11179
v -0.08300 0.06269 0.10387
v -0.10425 0.06269 0.11179
v -0.11980 0.06269 0.13344
v -0.12550 0.06269 0.16300
v -0.11980 0.06269 0.19256
v -0.10425 0.06269 0.21421
v -0.08300 0.06269 0.22213
v -0.06175 0.06269 0.21421
v -0.04620 0.06269 0.19256
v -0.05047 0.04972 0.16300
v -0.05483 0.04972 0.14037
v -0.06674 0.04972 0.12381
v -0.08300 0.04972 0.11775
v -0.09926 0.04972 0.12381
v -0.11117 0.04972 0.14037
v -0.11553 0.04972 0.16300
v -0.11117 0.04972 0.18563
v -0.09926 0.04972 0.20219
v -0.08300 0.04972 0.20825
v -0.06674 0.04972 0.20219
v -0.05483 0.04972 0.18563
v -0.06540 0.04104 0.16300
v -0.06775 0.04104 0.15075
v -0.07420 0.04104 0.14179
v -0.08300 0.04104 0.13851
v -0.09180 0.04104 0.14179
v -0.09825 0.04104 0.15075
v -0.10060 0.04104 0.16300
v -0.09825 0.04104 0.17525
v -0.09180 0.04104 0.18421
v -0.08300 0.04104 0.18749
v -0.07420 0.04104 0.18421
v -0.06775 0.04104 0.17525
v -0.08300 0.03800 0.16300
usemtl cream
f 2261 2262 2263
f 2261 2263 2264
f 2261 2264 2265
f 2261 2265 2266
f 2261 2266 2267
f 2261 2267 2268
f 2261 2268 2269
f 2261 2269 2270
f 2261 2270 2271
f 2261 2271 2272
f 2261 2272 2273
f 2261 2273 2262
f 2262 2274 2275
f 2262 2275 2263
f 2263 2275 2276
f 2263 2276 2264
f 2264 2276 2277
f 2264 2277 2265
f 2265 2277 2278
f 2265 2278 2266
f 2266 2278 2279
f 2266 2279 2267
f 2267 2279 2280
f 2267 2280 2268
f 2268 2280 2281
f 2268 2281 2269
f 2269 2281 2282
f 2269 2282 2270
f 2270 2282 2283
f 2270 2283 2271
f 2271 2283 2284
f 2271 2284 2272
f 2272 2284 2285
f 2272 2285 2273
f 2273 2285 2274
f 2273 2274 2262
f 2274 2286 2287
f 2274 2287 2275
f 2275 2287 2288
f 2275 2288 2276
f 2276 2288 2289
f 2276 2289 2277
f 2277 2289 2290
f 2277 2290 2278
f 2278 2290 2291
f 2278 2291 2279
f 2279 2291 2292
f 2279 2292 2280
f 2280 2292 2293
f 2280 2293 2281
f 2281 2293 2294
f 2281 2294 2282
f 2282 2294 2295
f 2282 2295 2283
f 2283 2295 2296
f 2283 2296 2284
f 2284 2296 2297
f 2284 2297 2285
f 2285 2297 2286
f 2285 2286 2274
f 2286 2298 2299
f 2286 2299 2287
f 2287 2299 2300
f 2287 2300 2288
f 2288 2300 2301
f 2288 2301 2289
f 2289 2301 2302
f 2289 2302 2290
f 2290 2302 2303
f 2290 2303 2291
f 2291 2303 2304
f 2291 2304 2292
f 2292 2304 2305
f 2292 2305 2293
f 2293 2305 2306
f 2293 2306 2294
f 2294 2306 2307
f 2294 2307 2295
f 2295 2307 2308
f 2295 2308 2296
f 2296 2308 2309
f 2296 2309 2297
f 2297 2309 2298
f 2297 2298 2286
f 2298 2310 2311
f 2298 2311 2299
f 2299 2311 2312
f 2299 2312 2300
f 2300 2312 2313
f 2300 2313 2301
f 2301 2313 2314
f 2301 2314 2302
f 2302 2314 2315
f 2302 2315 2303
f 2303 2315 2316
f 2303 2316 2304
f 2304 2316 2317
f 2304 2317 2305
f 2305 2317 2318
f 2305 2318 2306
f 2306 2318 2319
f 2306 2319 2307
f 2307 2319 2320
f 2307 2320 2308
f 2308 2320 2321
f 2308 2321 2309
f 2309 2321 2310
f 2309 2310 2298
f 2310 2322 2323
f 2310 2323 2311
f 2311 2323 2324
f 2311 2324 2312
f 2312 2324 2325
f 2312 2325 2313
f 2313 2325 2326
f 2313 2326 2314
f 2314 2326 2327
f 2314 2327 2315
f 2315 2327 2328
f 2315 2328 2316
f 2316 2328 2329
f 2316 2329 2317
f 2317 2329 2330
f 2317 2330 2318
f 2318 2330 2331
f 2318 2331 2319
f 2319 2331 2332
f 2319 2332 2320
f 2320 2332 2333
f 2320 2333 2321
f 2321 2333 2322
f 2321 2322 2310
f 2322 2334 2335
f 2322 2335 2323
f 2323 2335 2336
f 2323 2336 2324
f 2324 2336 2337
f 2324 2337 2325
f 2325 2337 2338
f 2325 2338 2326
f 2326 2338 2339
f 2326 2339 2327
f 2327 2339 2340
f 2327 2340 2328
f 2328 2340 2341
f 2328 2341 2329
f 2329 2341 2342
f 2329 2342 2330
f 2330 2342 2343
f 2330 2343 2331
f 2331 2343 2344
f 2331 2344 2332
f 2332 2344 2345
f 2332 2345 2333
f 2333 2345 2334
f 2333 2334 2322
f 2346 2335 2334
f 2346 2336 2335
f 2346 2337 2336
f 2346 2338 2337
f 2346 2339 2338
f 2346 2340 2339
f 2346 2341 2340
f 2346 2342 2341
f 2346 2343 2342
f 2346 2344 2343
f 2346 2345 2344
f 2346 2334 2345
o leg_hind_right
v -0.07042 0.46390 -0.14741
v -0.07049 0.46095 -0.13396
v -0.07729 0.46130 -0.13577
v -0.08226 0.46177 -0.14072
v -0.08408 0.46224 -0.14751
v -0.08226 0.46257 -0.15430
v -0.07729 0.46268 -0.15928
v -0.07049 0.46255 -0.16111
v -0.06370 0.46220 -0.15931
v -0.05873 0.46172 -0.15435
v -0.05691 0.46126 -0.14757
v -0.05873 0.46092 -0.14077
v -0.06370 0.46081 -0.13580
v -0.07072 0.45399 -0.12209
v -0.08364 0.45466 -0.12552
v -0.09310 0.45555 -0.13495
v -0.09657 0.45644 -0.14785
v -0.09310 0.45708 -0.16077
v -0.08364 0.45730 -0.17024
v -0.07072 0.45704 -0.17372
v -0.05780 0.45637 -0.17029
v -0.04834 0.45547 -0.16086
v -0.04487 0.45458 -0.14796
v -0.04834 0.45395 -0.13504
v -0.05780 0.45373 -0.12557
v -0.07107 0.44370 -0.11294
v -0.08886 0.44462 -0.11767
v -0.10188 0.44586 -0.13064
v -0.10664 0.44708 -0.14840
v -0.10188 0.44796 -0.16618
v -0.08886 0.44826 -0.17921
v -0.07107 0.44790 -0.18401
v -0.05328 0.44698 -0.17929
v -0.04026 0.44574 -0.16631
v -0.03550 0.44452 -0.14855
v -0.04026 0.44365 -0.13078
v -0.05328 0.44335 -0.11774
v -0.07151 0.43110 -0.10743
v -0.09242 0.43218 -0.11298
v -0.10773 0.43363 -0.12824
v -0.11333 0.43507 -0.14911
v -0.10773 0.43610 -0.17001
v -0.09242 0.43645 -0.18533
v -0.07151 0.43603 -0.19097
v -0.05060 0.43495 -0.18542
v -0.03529 0.43350 -0.17016
v -0.02969 0.43206 -0.14929
v -0.03529 0.43103 -0.12839
v -0.05060 0.43068 -0.11307
v -0.07200 0.41741 -0.10608
v -0.09399 0.41855 -0.11191
v -0.11008 0.42007 -0.12796
v -0.11597 0.42158 -0.14991
v -0.11008 0.42266 -0.17188
v -0.09399 0.42304 -0.18799
v -0.07200 0.42259 -0.19392
v -0.05001 0.42145 -0.18809
v -0.03392 0.41993 -0.17204
v -0.02803 0.41842 -0.15009
v -0.03392 0.41734 -0.12812
v -0.05001 0.41696 -0.11201
v -0.08300 0.11288 -0.13206
v -0.10099 0.11381 -0.13684
v -0.11416 0.11506 -0.14997
v -0.11898 0.11629 -0.16792
v -0.11416 0.11718 -0.18590
v -0.10099 0.11748 -0.19908
v -0.08300 0.11712 -0.20394
v -0.06501 0.11619 -0.19916
v -0.05184 0.11494 -0.18603
v -0.04702 0.11371 -0.16808
v -0.05184 0.11282 -0.15010
v -0.06501 0.11252 -0.13692
v -0.08340 0.10188 -0.13448
v -0.10051 0.10277 -0.13902
v -0.11303 0.10396 -0.15150
v -0.11762 0.10513 -0.16858
v -0.11303 0.10598 -0.18568
v -0.10051 0.10626 -0.19822
v -0.08340 0.10592 -0.20283
v -0.06629 0.10503 -0.19829
v -0.05377 0.10385 -0.18581
v -0.04918 0.10267 -0.16873
v -0.05377 0.10183 -0.15163
v -0.06629 0.10154 -0.13909
v -0.08376 0.09217 -0.14017
v -0.09831 0.09293 -0.14404
v -0.10897 0.09394 -0.15466
v -0.11287 0.09494 -0.16918
v -0.10897 0.09565 -0.18373
v -0.09831 0.09590 -0.19439
v -0.08376 0.09561 -0.19832
v -0.06921 0.09485 -0.19446
v -0.05856 0.09384 -0.18384
v -0.05466 0.09284 -0.16931
v -0.05856 0.09213 -0.15476
v -0.06921 0.09188 -0.14410
v -0.08405 0.08470 -0.14859
v -0.09462 0.08525 -0.15140
v -0.10236 0.08598 -0.15911
v -0.10519 0.08670 -0.16967
v -0.10236 0.08723 -0.18024
v -0.09462 0.08740 -0.18799
v -0.08405 0.08719 -0.19084
v -0.07347 0.08664 -0.18803
v -0.06573 0.08591 -0.18032
v -0.06290 0.08518 -0.16976
v -0.06573 0.08466 -0.15919
v -0.07347 0.08449 -0.15144
v -0.08423 0.08019 -0.15891
v -0.08979 0.08048 -0.16039
v -0.09386 0.08086 -0.16444
v -0.09535 0.08124 -0.16999
v -0.09386 0.08152 -0.17555
v -0.08979 0.08161 -0.17962
v -0.08423 0.08150 -0.18112
v -0.07867 0.08121 -0.17965
v -0.07460 0.08083 -0.17559
v -0.07311 0.08044 -0.17004
v -0.07460 0.08017 -0.16448
v -0.07867 0.08008 -0.16041
v -0.08430 0.07909 -0.17012
usemtl fur
f 2347 2349 2348
f 2347 2350 2349
f 2347 2351 2350
f 2347 2352 2351
f 2347 2353 2352
f 2347 2354 2353
f 2347 2355 2354
f 2347 2356 2355
f 2347 2357 2356
f 2347 2358 2357
f 2347 2359 2358
f 2347 2348 2359
f 2348 2360 2361
f 2348 2361 2349
f 2349 2361 2362
f 2349 2362 2350
f 2350 2362 2363
f 2350 2363 2351
f 2351 2363 2364
f 2351 2364 2352
f 2352 2364 2365
f 2352 2365 2353
f 2353 2365 2366
f 2353 2366 2354
f 2354 2366 2367
f 2354 2367 2355
f 2355 2367 2368
f 2355 2368 2356
f 2356 2368 2369
f 2356 2369 2357
f 2357 2369 2370
f 2357 2370 2358
f 2358 2370 2371
f 2358 2371 2359
f 2359 2371 2360
f 2359 2360 2348
f 2360 2372 2373
f 2360 2373 2361
f 2361 2373 2374
f 2361 2374 2362
f 2362 2374 2375
f 2362 2375 2363
f 2363 2375 2376
f 2363 2376 2364
f 2364 2376 2377
f 2364 2377 2365
f 2365 2377 2378
f 2365 2378 2366
f 2366 2378 2379
f 2366 2379 2367
f 2367 2379 2380
f 2367 2380 2368
f 2368 2380 2381
f 2368 2381 2369
f 2369 2381 2382
f 2369 2382 2370
f 2370 2382 2383
f 2370 2383 2371
f 2371 2383 2372
f 2371 2372 2360
f 2372 2384 2385
f 2372 2385 2373
f 2373 2385 2386
f 2373 2386 2374
f 2374 2386 2387
f 2374 2387 2375
f 2375 2387 2388
f 2375 2388 2376
f 2376 2388 2389
f 2376 2389 2377
f 2377 2389 2390
f 2377 2390 2378
f 2378 2390 2391
f 2378 2391 2379
f 2379 2391 2392
f 2379 2392 2380
f 2380 2392 2393
f 2380 2393 2381
f 2381 2393 2394
f 2381 2394 2382
f 2382 2394 2395
f 2382 2395 2383
f 2383 2395 2384
f 2383 2384 2372
f 2384 2396 2397
f 2384 2397 2385
f 2385 2397 2398
f 2385 2398 2386
f 2386 2398 2399
f 2386 2399 2387
f 2387 2399 2400
f 2387 2400 2388
f 2388 2400 2401
f 2388 2401 2389
f 2389 2401 2402
f 2389 2402 2390
f 2390 2402 2403
f 2390 2403 2391
f 2391 2403 2404
f 2391 2404 2392
f 2392 2404 2405
f 2392 2405 2393
f 2393 2405 2406
f 2393 2406 2394
f 2394 2406 2407
f 2394 2407 2395
f 2395 2407 2396
f 2395 2396 2384
f 2396 2408 2409
f 2396 2409 2397
f 2397 2409 2410
f 2397 2410 2398
f 2398 2410 2411
f 2398 2411 2399
f 2399 2411 2412
f 2399 2412 2400
f 2400 2412 2413
f 2400 2413 2401
f 2401 2413 2414
f 2401 2414 2402
f 2402 2414 2415
f 2402 2415 2403
f 2403 2415 2416
f 2403 2416 2404
f 2404 2416 2417
f 2404 2417 2405
f 2405 2417 2418
f 2405 2418 2406
f 2406 2418 2419
f 2406 2419 2407
f 2407 2419 2408
f 2407 2408 2396
f 2408 2420 2421
f 2408 2421 2409
f 2409 2421 2422
f 2409 2422 2410
f 2410 2422 2423
f 2410 2423 2411
f 2411 2423 2424
f 2411 2424 2412
f 2412 2424 2425
f 2412 2425 2413
f 2413 2425 2426
f 2413 2426 2414
f 2414 2426 2427
f 2414 2427 2415
f 2415 2427 2428
f 2415 2428 2416
f 2416 2428 2429
f 2416 2429 2417
f 2417 2429 2430
f 2417 2430 2418
f 2418 2430 2431
f 2418 2431 2419
f 2419 2431 2420
f 2419 2420 2408
f 2420 2432 2433
f 2420 2433 2421
f 2421 2433 2434
f 2421 2434 2422
f 2422 2434 2435
f 2422 2435 2423
f 2423 2435 2436
f 2423 2436 2424
f 2424 2436 2437
f 2424 2437 2425
f 2425 2437 2438
f 2425 2438 2426
f 2426 2438 2439
f 2426 2439 2427
f 2427 2439 2440
f 2427 2440 2428
f 2428 2440 2441
f 2428 2441 2429
f 2429 2441 2442
f 2429 2442 2430
f 2430 2442 2443
f 2430 2443 2431
f 2431 2443 2432
f 2431 2432 2420
f 2432 2444 2445
f 2432 2445 2433
f 2433 2445 2446
f 2433 2446 2434
f 2434 2446 2447
f 2434 2447 2435
f 2435 2447 2448
f 2435 2448 2436
f 2436 2448 2449
f 2436 2449 2437
f 2437 2449 2450
f 2437 2450 2438
f 2438 2450 2451
f 2438 2451 2439
f 2439 2451 2452
f 2439 2452 2440
f 2440 2452 2453
f 2440 2453 2441
f 2441 2453 2454
f 2441 2454 2442
f 2442 2454 2455
f 2442 2455 2443
f 2443 2455 2444
f 2443 2444 2432
f 2444 2456 2457
f 2444 2457 2445
f 2445 2457 2458
f 2445 2458 2446
f 2446 2458 2459
f 2446 2459 2447
f 2447 2459 2460
f 2447 2460 2448
f 2448 2460 2461
f 2448 2461 2449
f 2449 2461 2462
f 2449 2462 2450
f 2450 2462 2463
f 2450 2463 2451
f 2451 2463 2464
f 2451 2464 2452
f 2452 2464 2465
f 2452 2465 2453
f 2453 2465 2466
f 2453 2466 2454
f 2454 2466 2467
f 2454 2467 2455
f 2455 2467 2456
f 2455 2456 2444
f 2468 2456 2457
f 2468 2457 2458
f 2468 2458 2459
f 2468 2459 2460
f 2468 2460 2461
f 2468 2461 2462
f 2468 2462 2463
f 2468 2463 2464
f 2468 2464 2465
f 2468 2465 2466
f 2468 2466 2467
f 2468 2467 2456
o paw_hind_right
v -0.08300 0.11800 -0.15500
v -0.06540 0.11496 -0.15500
v -0.06775 0.11496 -0.16725
v -0.07420 0.11496 -0.17621
v -0.08300 0.11496 -0.17949
v -0.09180 0.11496 -0.17621
v -0.09825 0.11496 -0.16725
v -0.10060 0.11496 -0.15500
v -0.09825 0.11496 -0.14275
v -0.09180 0.11496 -0.13379
v -0.08300 0.11496 -0.13051
v -0.07420 0.11496 -0.13379
v -0.06775 0.11496 -0.14275
v -0.05047 0.10628 -0.15500
v -0.05483 0.10628 -0.17763
v -0.06674 0.10628 -0.19419
v -0.08300 0.10628 -0.20025
v -0.09926 0.10628 -0.19419
v -0.11117 0.10628 -0.17763
v -0.11553 0.10628 -0.15500
v -0.11117 0.10628 -0.13237
v -0.09926 0.10628 -0.11581
v -0.08300 0.10628 -0.10975
v -0.06674 0.10628 -0.11581
v -0.05483 0.10628 -0.13237
v -0.04050 0.09331 -0.15500
v -0.04620 0.09331 -0.18456
v -0.06175 0.09331 -0.20621
v -0.08300 0.09331 -0.21413
v -0.10425 0.09331 -0.20621
v -0.11980 0.09331 -0.18456
v -0.12550 0.09331 -0.15500
v -0.11980 0.09331 -0.12544
v -0.10425 0.09331 -0.10379
v -0.08300 0.09331 -0.09587
v -0.06175 0.09331 -0.10379
v -0.04620 0.09331 -0.12544
v -0.03700 0.07800 -0.15500
v -0.04316 0.07800 -0.18700
v -0.06000 0.07800 -0.21043
v -0.08300 0.07800 -0.21900
v -0.10600 0.07800 -0.21043
v -0.12284 0.07800 -0.18700
v -0.12900 0.07800 -0.15500
v -0.12284 0.07800 -0.12300
v -0.10600 0.07800 -0.09957
v -0.08300 0.07800 -0.09100
v -0.06000 0.07800 -0.09957
v -0.04316 0.07800 -0.12300
v -0.04050 0.06269 -0.15500
v -0.04620 0.06269 -0.18456
v -0.06175 0.06269 -0.20621
v -0.08300 0.06269 -0.21413
v -0.10425 0.06269 -0.20621
v -0.11980 0.06269 -0.18456
v -0.12550 0.06269 -0.15500
v -0.11980 0.06269 -0.12544
v -0.10425 0.06269 -0.10379
v -0.08300 0.06269 -0.09587
v -0.06175 0.06269 -0.10379
v -0.04620 0.06269 -0.12544
v -0.05047 0.04972 -0.15500
v -0.05483 0.04972 -0.17763
v -0.06674 0.04972 -0.19419
v -0.08300 0.04972 -0.20025
v -0.09926 0.04972 -0.19419
v -0.11117 0.04972 -0.17763
v -0.11553 0.04972 -0.15500
v -0.11117 0.04972 -0.13237
v -0.09926 0.04972 -0.11581
v -0.08300 0.04972 -0.10975
v -0.06674 0.04972 -0.11581
v -0.05483 0.04972 -0.13237
v -0.06540 0.04104 -0.15500
v -0.06775 0.04104 -0.16725
v -0.07420 0.04104 -0.17621
v -0.08300 0.04104 -0.17949
v -0.09180 0.04104 -0.17621
v -0.09825 0.04104 -0.16725
v -0.10060 0.04104 -0.15500
v -0.09825 0.04104 -0.14275
v -0.09180 0.04104 -0.13379
v -0.08300 0.04104 -0.13051
v -0.07420 0.04104 -0.13379
v -0.06775 0.04104 -0.14275
v -0.08300 0.03800 -0.15500
usemtl cream
f 2469 2470 2471
f 2469 2471 2472
f 2469 2472 2473
f 2469 2473 2474
f 2469 2474 2475
f 2469 2475 2476
f 2469 2476 2477
f 2469 2477 2478
f 2469 2478 2479
f 2469 2479 2480
f 2469 2480 2481
f 2469 2481 2470
f 2470 2482 2483
f 2470 2483 2471
f 2471 2483 2484
f 2471 2484 2472
f 2472 2484 2485
f 2472 2485 2473
f 2473 2485 2486
f 2473 2486 2474
f 2474 2486 2487
f 2474 2487 2475
f 2475 2487 2488
f 2475 2488 2476
f 2476 2488 2489
f 2476 2489 2477
f 2477 2489 2490
f 2477 2490 2478
f 2478 2490 2491
f 2478 2491 2479
f 2479 2491 2492
f 2479 2492 2480
f 2480 2492 2493
f 2480 2493 2481
f 2481 2493 2482
f 2481 2482 2470
f 2482 2494 2495
f 2482 2495 2483
f 2483 2495 2496
f 2483 2496 2484
f 2484 2496 2497
f 2484 2497 2485
f 2485 2497 2498
f 2485 2498 2486
f 2486 2498 2499
f 2486 2499 2487
f 2487 2499 2500
f 2487 2500 2488
f 2488 2500 2501
f 2488 2501 2489
f 2489 2501 2502
f 2489 2502 2490
f 2490 2502 2503
f 2490 2503 2491
f 2491 2503 2504
f 2491 2504 2492
f 2492 2504 2505
f 2492 2505 2493
f 2493 2505 2494
f 2493 2494 2482
f 2494 2506 2507
f 2494 2507 2495
f 2495 2507 2508
f 2495 2508 2496
f 2496 2508 2509
f 2496 2509 2497
f 2497 2509 2510
f 2497 2510 2498
f 2498 2510 2511
f 2498 2511 2499
f 2499 2511 2512
f 2499 2512 2500
f 2500 2512 2513
f 2500 2513 2501
f 2501 2513 2514
f 2501 2514 2502
f 2502 2514 2515
f 2502 2515 2503
f 2503 2515 2516
f 2503 2516 2504
f 2504 2516 2517
f 2504 2517 2505
f 2505 2517 2506
f 2505 2506 2494
f 2506 2518 2519
f 2506 2519 2507
f 2507 2519 2520
f 2507 2520 2508
f 2508 2520 2521
f 2508 2521 2509
f 2509 2521 2522
f 2509 2522 2510
f 2510 2522 2523
f 2510 2523 2511
f 2511 2523 2524
f 2511 2524 2512
f 2512 2524 2525
f 2512 2525 2513
f 2513 2525 2526
f 2513 2526 2514
f 2514 2526 2527
f 2514 2527 2515
f 2515 2527 2528
f 2515 2528 2516
f 2516 2528 2529
f 2516 2529 2517
f 2517 2529 2518
f 2517 2518 2506
f 2518 2530 2531
f 2518 2531 2519
f 2519 2531 2532
f 2519 2532 2520
f 2520 2532 2533
f 2520 2533 2521
f 2521 2533 2534
f 2521 2534 2522
f 2522 2534 2535
f 2522 2535 2523
f 2523 2535 2536
f 2523 2536 2524
f 2524 2536 2537
f 2524 2537 2525
f 2525 2537 2538
f 2525 2538 2526
f 2526 2538 2539
f 2526 2539 2527
f 2527 2539 2540
f 2527 2540 2528
f 2528 2540 2541
f 2528 2541 2529
f 2529 2541 2530
f 2529 2530 2518
f 2530 2542 2543
f 2530 2543 2531
f 2531 2543 2544
f 2531 2544 2532
f 2532 2544 2545
f 2532 2545 2533
f 2533 2545 2546
f 2533 2546 2534
f 2534 2546 2547
f 2534 2547 2535
f 2535 2547 2548
f 2535 2548 2536
f 2536 2548 2549
f 2536 2549 2537
f 2537 2549 2550
f 2537 2550 2538
f 2538 2550 2551
f 2538 2551 2539
f 2539 2551 2552
f 2539 2552 2540
f 2540 2552 2553
f 2540 2553 2541
f 2541 2553 2542
f 2541 2542 2530
f 2554 2543 2542
f 2554 2544 2543
f 2554 2545 2544
f 2554 2546 2545
f 2554 2547 2546
f 2554 2548 2547
f 2554 2549 2548
f 2554 2550 2549
f 2554 2551 2550
f 2554 2552 2551
f 2554 2553 2552
f 2554 2542 2553
o tail
v 0.00000 0.41656 -0.21637
v 0.01051 0.41795 -0.21728
v 0.00910 0.41507 -0.22167
v 0.00525 0.41297 -0.22489
v 0.00000 0.41219 -0.22607
v -0.00525 0.41297 -0.22489
v -0.00910 0.41507 -0.22167
v -0.01051 0.41795 -0.21728
v -0.00910 0.42083 -0.21288
v -0.00525 0.42294 -0.20967
v -0.00000 0.42371 -0.20849
v 0.00525 0.42294 -0.20967
v 0.00910 0.42083 -0.21288
v 0.01998 0.42199 -0.21993
v 0.01731 0.41652 -0.22828
v 0.00999 0.41251 -0.23440
v 0.00000 0.41104 -0.23664
v -0.00999 0.41251 -0.23440
v -0.01731 0.41652 -0.22828
v -0.01998 0.42199 -0.21993
v -0.01731 0.42747 -0.21157
v -0.00999 0.43148 -0.20545
v -0.00000 0.43294 -0.20321
v 0.00999 0.43148 -0.20545
v 0.01731 0.42747 -0.21157
v 0.02751 0.42828 -0.22405
v 0.02382 0.42075 -0.23555
v 0.01375 0.41523 -0.24397
v 0.00000 0.41321 -0.24706
v -0.01375 0.41523 -0.24397
v -0.02382 0.42075 -0.23555
v -0.02751 0.42828 -0.22405
v -0.02382 0.43582 -0.21254
v -0.01375 0.44134 -0.20412
v -0.00000 0.44336 -0.20104
v 0.01375 0.44134 -0.20412
v 0.02382 0.43582 -0.21254
v 0.03234 0.43621 -0.22924
v 0.02800 0.42735 -0.24277
v 0.01617 0.42086 -0.25267
v 0.00000 0.41849 -0.25629
v -0.01617 0.42086 -0.25267
v -0.02800 0.42735 -0.24277
v -0.03234 0.43621 -0.22924
v -0.02800 0.44507 -0.21572
v -0.01617 0.45156 -0.20582
v -0.00000 0.45393 -0.20219
v 0.01617 0.45156 -0.20582
v 0.02800 0.44507 -0.21572
v 0.03400 0.44500 -0.23500
v 0.02944 0.43568 -0.24922
v 0.01700 0.42886 -0.25963
v 0.00000 0.42637 -0.26344
v -0.01700 0.42886 -0.25963
v -0.02944 0.43568 -0.24922
v -0.03400 0.44500 -0.23500
v -0.02944 0.45432 -0.22078
v -0.01700 0.46114 -0.21037
v -0.00000 0.46363 -0.20656
v 0.01700 0.46114 -0.21037
v 0.02944 0.45432 -0.22078
v 0.02600 0.59000 -0.33000
v 0.02252 0.58288 -0.34087
v 0.01300 0.57766 -0.34883
v 0.00000 0.57575 -0.35175
v -0.01300 0.57766 -0.34883
v -0.02252 0.58288 -0.34087
v -0.02600 0.59000 -0.33000
v -0.02252 0.59712 -0.31913
v -0.01300 0.60234 -0.31117
v -0.00000 0.60425 -0.30825
v 0.01300 0.60234 -0.31117
v 0.02252 0.59712 -0.31913
v 0.02473 0.59672 -0.33440
v 0.02141 0.58994 -0.34474
v 0.01236 0.58498 -0.35232
v 0.00000 0.58317 -0.35509
v -0.01236 0.58498 -0.35232
v -0.02141 0.58994 -0.34474
v -0.02473 0.59672 -0.33440
v -0.02141 0.60350 -0.32406
v -0.01236 0.60846 -0.31649
v -0.00000 0.61027 -0.31372
v 0.01236 0.60846 -0.31649
v 0.02141 0.60350 -0.32406
v 0.02103 0.60278 -0.33838
v 0.01822 0.59702 -0.34717
v 0.01052 0.59280 -0.35361
v 0.00000 0.59126 -0.35597
v -0.01052 0.59280 -0.35361
v -0.01822 0.59702 -0.34717
v -0.02103 0.60278 -0.33838
v -0.01822 0.60855 -0.32958
v -0.01052 0.61277 -0.32314
v -0.00000 0.61431 -0.32078
v 0.01052 0.61277 -0.32314
v 0.01822 0.60855 -0.32958
v 0.01528 0.60759 -0.34153
v 0.01323 0.60341 -0.34792
v 0.00764 0.60034 -0.35260
v 0.00000 0.59922 -0.35431
v -0.00764 0.60034 -0.35260
v -0.01323 0.60341 -0.34792
v -0.01528 0.60759 -0.34153
v -0.01323 0.61178 -0.33514
v -0.00764 0.61485 -0.33046
v -0.00000 0.61597 -0.32874
v 0.00764 0.61485 -0.33046
v 0.01323 0.61178 -0.33514
v 0.00803 0.61068 -0.34355
v 0.00696 0.60848 -0.34691
v 0.00402 0.60687 -0.34937
v 0.00000 0.60628 -0.35027
v -0.00402 0.60687 -0.34937
v -0.00696 0.60848 -0.34691
v -0.00803 0.61068 -0.34355
v -0.00696 0.61289 -0.34019
v -0.00402 0.61450 -0.33773
v -0.00000 0.61509 -0.33683
v 0.00402 0.61450 -0.33773
v 0.00696 0.61289 -0.34019
v 0.00000 0.61175 -0.34425
usemtl fur
f 2555 2557 2556
f 2555 2558 2557
f 2555 2559 2558
f 2555 2560 2559
f 2555 2561 2560
f 2555 2562 2561
f 2555 2563 2562
f 2555 2564 2563
f 2555 2565 2564
f 2555 2566 2565
f 2555 2567 2566
f 2555 2556 2567
f 2556 2568 2569
f 2556 2569 2557
f 2557 2569 2570
f 2557 2570 2558
f 2558 2570 2571
f 2558 2571 2559
f 2559 2571 2572
f 2559 2572 2560
f 2560 2572 2573
f 2560 2573 2561
f 2561 2573 2574
f 2561 2574 2562
f 2562 2574 2575
f 2562 2575 2563
f 2563 2575 2576
f 2563 2576 2564
f 2564 2576 2577
f 2564 2577 2565
f 2565 2577 2578
f 2565 2578 2566
f 2566 2578 2579
f 2566 2579 2567
f 2567 2579 2568
f 2567 2568 2556
f 2568 2580 2581
f 2568 2581 2569
f 2569 2581 2582
f 2569 2582 2570
f 2570 2582 2583
f 2570 2583 2571
f 2571 2583 2584
f 2571 2584 2572
f 2572 2584 2585
f 2572 2585 2573
f 2573 2585 2586
f 2573 2586 2574
f 2574 2586 2587
f 2574 2587 2575
f 2575 2587 2588
f 2575 2588 2576
f 2576 2588 2589
f 2576 2589 2577
f 2577 2589 2590
f 2577 2590 2578
f 2578 2590 2591
f 2578 2591 2579
f 2579 2591 2580
f 2579 2580 2568
f 2580 2592 2593
f 2580 2593 2581
f 2581 2593 2594
f 2581 2594 2582
f 2582 2594 2595
f 2582 2595 2583
f 2583 2595 2596
f 2583 2596 2584
f 2584 2596 2597
f 2584 2597 2585
f 2585 2597 2598
f 2585 2598 2586
f 2586 2598 2599
f 2586 2599 2587
f 2587 2599 2600
f 2587 2600 2588
f 2588 2600 2601
f 2588 2601 2589
f 2589 2601 2602
f 2589 2602 2590
f 2590 2602 2603
f 2590 2603 2591
f 2591 2603 2592
f 2591 2592 2580
f 2592 2604 2605
f 2592 2605 2593
f 2593 2605 2606
f 2593 2606 2594
f 2594 2606 2607
f 2594 2607 2595
f 2595 2607 2608
f 2595 2608 2596
f 2596 2608 2609
f 2596 2609 2597
f 2597 2609 2610
f 2597 2610 2598
f 2598 2610 2611
f 2598 2611 2599
f 2599 2611 2612
f 2599 2612 2600
f 2600 2612 2613
f 2600 2613 2601
f 2601 2613 2614
f 2601 2614 2602
f 2602 2614 2615
f 2602 2615 2603
f 2603 2615 2604
f 2603 2604 2592
f 2604 2616 2617
f 2604 2617 2605
f 2605 2617 2618
f 2605 2618 2606
f 2606 2618 2619
f 2606 2619 2607
f 2607 2619 2620
f 2607 2620 2608
f 2608 2620 2621
f 2608 2621 2609
f 2609 2621 2622
f 2609 2622 2610
f 2610 2622 2623
f 2610 2623 2611
f 2611 2623 2624
f 2611 2624 2612
f 2612 2624 2625
f 2612 2625 2613
f 2613 2625 2626
f 2613 2626 2614
f 2614 2626 2627
f 2614 2627 2615
f 2615 2627 2616
f 2615 2616 2604
f 2616 2628 2629
f 2616 2629 2617
f 2617 2629 2630
f 2617 2630 2618
f 2618 2630 2631
f 2618 2631 2619
f 2619 2631 2632
f 2619 2632 2620
f 2620 2632 2633
f 2620 2633 2621
f 2621 2633 2634
f 2621 2634 2622
f 2622 2634 2635
f 2622 2635 2623
f 2623 2635 2636
f 2623 2636 2624
f 2624 2636 2637
f 2624 2637 2625
f 2625 2637 2638
f 2625 2638 2626
f 2626 2638 2639
f 2626 2639 2627
f 2627 2639 2628
f 2627 2628 2616
f 2628 2640 2641
f 2628 2641 2629
f 2629 2641 2642
f 2629 2642 2630
f 2630 2642 2643
f 2630 2643 2631
f 2631 2643 2644
f 2631 2644 2632
f 2632 2644 2645
f 2632 2645 2633
f 2633 2645 2646
f 2633 2646 2634
f 2634 2646 2647
f 2634 2647 2635
f 2635 2647 2648
f 2635 2648 2636
f 2636 2648 2649
f 2636 2649 2637
f 2637 2649 2650
f 2637 2650 2638
f 2638 2650 2651
f 2638 2651 2639
f 2639 2651 2640
f 2639 2640 2628
f 2640 2652 2653
f 2640 2653 2641
f 2641 2653 2654
f 2641 2654 2642
f 2642 2654 2655
f 2642 2655 2643
f 2643 2655 2656
f 2643 2656 2644
f 2644 2656 2657
f 2644 2657 2645
f 2645 2657 2658
f 2645 2658 2646
f 2646 2658 2659
f 2646 2659 2647
f 2647 2659 2660
f 2647 2660 2648
f 2648 2660 2661
f 2648 2661 2649
f 2649 2661 2662
f 2649 2662 2650
f 2650 2662 2663
f 2650 2663 2651
f 2651 2663 2652
f 2651 2652 2640
f 2652 2664 2665
f 2652 2665 2653
f 2653 2665 2666
f 2653 2666 2654
f 2654 2666 2667
f 2654 2667 2655
f 2655 2667 2668
f 2655 2668 2656
f 2656 2668 2669
f 2656 2669 2657
f 2657 2669 2670
f 2657 2670 2658
f 2658 2670 2671
f 2658 2671 2659
f 2659 2671 2672
f 2659 2672 2660
f 2660 2672 2673
f 2660 2673 2661
f 2661 2673 2674
f 2661 2674 2662
f 2662 2674 2675
f 2662 2675 2663
f 2663 2675 2664
f 2663 2664 2652
f 2676 2664 2665
f 2676 2665 2666
f 2676 2666 2667
f 2676 2667 2668
f 2676 2668 2669
f 2676 2669 2670
f 2676 2670 2671
f 2676 2671 2672
f 2676 2672 2673
f 2676 2673 2674
f 2676 2674 2675
f 2676 2675 2664
o tail_tip
v 0.00000 0.65100 -0.34500
v 0.01378 0.64826 -0.34500
v 0.01193 0.64826 -0.35189
v 0.00689 0.64826 -0.35693
v 0.00000 0.64826 -0.35878
v -0.00689 0.64826 -0.35693
v -0.01193 0.64826 -0.35189
v -0.01378 0.64826 -0.34500
v -0.01193 0.64826 -0.33811
v -0.00689 0.64826 -0.33307
v -0.00000 0.64826 -0.33122
v 0.00689 0.64826 -0.33307
v 0.01193 0.64826 -0.33811
v 0.02546 0.64046 -0.34500
v 0.02205 0.64046 -0.35773
v 0.01273 0.64046 -0.36705
v 0.00000 0.64046 -0.37046
v -0.01273 0.64046 -0.36705
v -0.02205 0.64046 -0.35773
v -0.02546 0.64046 -0.34500
v -0.02205 0.64046 -0.33227
v -0.01273 0.64046 -0.32295
v -0.00000 0.64046 -0.31954
v 0.01273 0.64046 -0.32295
v 0.02205 0.64046 -0.33227
v 0.03326 0.62878 -0.34500
v 0.02880 0.62878 -0.36163
v 0.01663 0.62878 -0.37380
v 0.00000 0.62878 -0.37826
v -0.01663 0.62878 -0.37380
v -0.02880 0.62878 -0.36163
v -0.03326 0.62878 -0.34500
v -0.02880 0.62878 -0.32837
v -0.01663 0.62878 -0.31620
v -0.00000 0.62878 -0.31174
v 0.01663 0.62878 -0.31620
v 0.02880 0.62878 -0.32837
v 0.03600 0.61500 -0.34500
v 0.03118 0.61500 -0.36300
v 0.01800 0.61500 -0.37618
v 0.00000 0.61500 -0.38100
v -0.01800 0.61500 -0.37618
v -0.03118 0.61500 -0.36300
v -0.03600 0.61500 -0.34500
v -0.03118 0.61500 -0.32700
v -0.01800 0.61500 -0.31382
v -0.00000 0.61500 -0.30900
v 0.01800 0.61500 -0.31382
v 0.03118 0.61500 -0.32700
v 0.03326 0.60122 -0.34500
v 0.02880 0.60122 -0.36163
v 0.01663 0.60122 -0.37380
v 0.00000 0.60122 -0.37826
v -0.01663 0.60122 -0.37380
v -0.02880 0.60122 -0.36163
v -0.03326 0.60122 -0.34500
v -0.02880 0.60122 -0.32837
v -0.01663 0.60122 -0.31620
v -0.00000 0.60122 -0.31174
v 0.01663 0.60122 -0.31620
v 0.02880 0.60122 -0.32837
v 0.02546 0.58954 -0.34500
v 0.02205 0.58954 -0.35773
v 0.01273 0.58954 -0.36705
v 0.00000 0.58954 -0.37046
v -0.01273 0.58954 -0.36705
v -0.02205 0.58954 -0.35773
v -0.02546 0.58954 -0.34500
v -0.02205 0.58954 -0.33227
v -0.01273 0.58954 -0.32295
v -0.00000 0.58954 -0.31954
v 0.01273 0.58954 -0.32295
v 0.02205 0.58954 -0.33227
v 0.01378 0.58174 -0.34500
v 0.01193 0.58174 -0.35189
v 0.00689 0.58174 -0.35693
v 0.00000 0.58174 -0.35878
v -0.00689 0.58174 -0.35693
v -0.01193 0.58174 -0.35189
v -0.01378 0.58174 -0.34500
v -0.01193 0.58174 -0.33811
v -0.00689 0.58174 -0.33307
v -0.00000 0.58174 -0.33122
v 0.00689 0.58174 -0.33307
v 0.01193 0.58174 -0.33811
v 0.00000 0.57900 -0.34500
usemtl cream
f 2677 2678 2679
f 2677 2679 2680
f 2677 2680 2681
f 2677 2681 2682
f 2677 2682 2683
f 2677 2683 2684
f 2677 2684 2685
f 2677 2685 2686
f 2677 2686 2687
f 2677 2687 2688
f 2677 2688 2689
f 2677 2689 2678
f 2678 2690 2691
f 2678 2691 2679
f 2679 2691 2692
f 2679 2692 2680
f 2680 2692 2693
f 2680 2693 2681
f 2681 2693 2694
f 2681 2694 2682
f 2682 2694 2695
f 2682 2695 2683
f 2683 2695 2696
f 2683 2696 2684
f 2684 2696 2697
f 2684 2697 2685
f 2685 2697 2698
f 2685 2698 2686
f 2686 2698 2699
f 2686 2699 2687
f 2687 2699 2700
f 2687 2700 2688
f 2688 2700 2701
f 2688 2701 2689
f 2689 2701 2690
f 2689 2690 2678
f 2690 2702 2703
f 2690 2703 2691
f 2691 2703 2704
f 2691 2704 2692
f 2692 2704 2705
f 2692 2705 2693
f 2693 2705 2706
f 2693 2706 2694
f 2694 2706 2707
f 2694 2707 2695
f 2695 2707 2708
f 2695 2708 2696
f 2696 2708 2709
f 2696 2709 2697
f 2697 2709 2710
f 2697 2710 2698
f 2698 2710 2711
f 2698 2711 2699
f 2699 2711 2712
f 2699 2712 2700
f 2700 2712 2713
f 2700 2713 2701
f 2701 2713 2702
f 2701 2702 2690
f 2702 2714 2715
f 2702 2715 2703
f 2703 2715 2716
f 2703 2716 2704
f 2704 2716 2717
f 2704 2717 2705
f 2705 2717 2718
f 2705 2718 2706
f 2706 2718 2719
f 2706 2719 2707
f 2707 2719 2720
f 2707 2720 2708
f 2708 2720 2721
f 2708 2721 2709
f 2709 2721 2722
f 2709 2722 2710
f 2710 2722 2723
f 2710 2723 2711
f 2711 2723 2724
f 2711 2724 2712
f 2712 2724 2725
f 2712 2725 2713
f 2713 2725 2714
f 2713 2714 2702
f 2714 2726 2727
f 2714 2727 2715
f 2715 2727 2728
f 2715 2728 2716
f 2716 2728 2729
f 2716 2729 2717
f 2717 2729 2730
f 2717 2730 2718
f 2718 2730 2731
f 2718 2731 2719
f 2719 2731 2732
f 2719 2732 2720
f 2720 2732 2733
f 2720 2733 2721
f 2721 2733 2734
f 2721 2734 2722
f 2722 2734 2735
f 2722 2735 2723
f 2723 2735 2736
f 2723 2736 2724
f 2724 2736 2737
f 2724 2737 2725
f 2725 2737 2726
f 2725 2726 2714
f 2726 2738 2739
f 2726 2739 2727
f 2727 2739 2740
f 2727 2740 2728
f 2728 2740 2741
f 2728 2741 2729
f 2729 2741 2742
f 2729 2742 2730
f 2730 2742 2743
f 2730 2743 2731
f 2731 2743 2744
f 2731 2744 2732
f 2732 2744 2745
f 2732 2745 2733
f 2733 2745 2746
f 2733 2746 2734
f 2734 2746 2747
f 2734 2747 2735
f 2735 2747 2748
f 2735 2748 2736
f 2736 2748 2749
f 2736 2749 2737
f 2737 2749 2738
f 2737 2738 2726
f 2738 2750 2751
f 2738 2751 2739
f 2739 2751 2752
f 2739 2752 2740
f 2740 2752 2753
f 2740 2753 2741
f 2741 2753 2754
f 2741 2754 2742
f 2742 2754 2755
f 2742 2755 2743
f 2743 2755 2756
f 2743 2756 2744
f 2744 2756 2757
f 2744 2757 2745
f 2745 2757 2758
f 2745 2758 2746
f 2746 2758 2759
f 2746 2759 2747
f 2747 2759 2760
f 2747 2760 2748
f 2748 2760 2761
f 2748 2761 2749
f 2749 2761 2750
f 2749 2750 2738
f 2762 2751 2750
f 2762 2752 2751
f 2762 2753 2752
f 2762 2754 2753
f 2762 2755 2754
f 2762 2756 2755
f 2762 2757 2756
f 2762 2758 2757
f 2762 2759 2758
f 2762 2760 2759
f 2762 2761 2760
f 2762 2750 2761
o collar
v 0.00000 0.57254 0.29324
v 0.02565 0.56923 0.29088
v 0.02221 0.56178 0.30132
v 0.01282 0.55632 0.30896
v 0.00000 0.55433 0.31175
v -0.01282 0.55632 0.30896
v -0.02221 0.56178 0.30132
v -0.02565 0.56923 0.29088
v -0.02221 0.57669 0.28045
v -0.01282 0.58214 0.27281
v -0.00000 0.58414 0.27001
v 0.01282 0.58214 0.27281
v 0.02221 0.57669 0.28045
v 0.04879 0.55964 0.28403
v 0.04225 0.54546 0.30388
v 0.02439 0.53508 0.31841
v 0.00000 0.53128 0.32373
v -0.02439 0.53508 0.31841
v -0.04225 0.54546 0.30388
v -0.04879 0.55964 0.28403
v -0.04225 0.57382 0.26418
v -0.02439 0.58420 0.24965
v -0.00000 0.58800 0.24433
v 0.02439 0.58420 0.24965
v 0.04225 0.57382 0.26418
v 0.06715 0.54470 0.27336
v 0.05815 0.52518 0.30068
v 0.03357 0.51090 0.32068
v 0.00000 0.50567 0.32800
v -0.03357 0.51090 0.32068
v -0.05815 0.52518 0.30068
v -0.06715 0.54470 0.27336
v -0.05815 0.56421 0.24604
v -0.03357 0.57850 0.22604
v -0.00000 0.58373 0.21872
v 0.03357 0.57850 0.22604
v 0.05815 0.56421 0.24604
v 0.07894 0.52587 0.25991
v 0.06836 0.50293 0.29202
v 0.03947 0.48614 0.31554
v 0.00000 0.47999 0.32414
v -0.03947 0.48614 0.31554
v -0.06836 0.50293 0.29202
v -0.07894 0.52587 0.25991
v -0.06836 0.54881 0.22779
v -0.03947 0.56561 0.20428
v -0.00000 0.57175 0.19567
v 0.03947 0.56561 0.20428
v 0.06836 0.54881 0.22779
v 0.08300 0.50500 0.24500
v 0.07188 0.48088 0.27877
v 0.04150 0.46322 0.30349
v 0.00000 0.45676 0.31254
v -0.04150 0.46322 0.30349
v -0.07188 0.48088 0.27877
v -0.08300 0.50500 0.24500
v -0.07188 0.52912 0.21123
v -0.04150 0.54678 0.18651
v -0.00000 0.55324 0.17746
v 0.04150 0.54678 0.18651
v 0.07188 0.52912 0.21123
v 0.08300 0.49800 0.24000
v 0.07188 0.47388 0.27377
v 0.04150 0.45622 0.29849
v 0.00000 0.44976 0.30754
v -0.04150 0.45622 0.29849
v -0.07188 0.47388 0.27377
v -0.08300 0.49800 0.24000
v -0.07188 0.52212 0.20623
v -0.04150 0.53978 0.18151
v -0.00000 0.54624 0.17246
v 0.04150 0.53978 0.18151
v 0.07188 0.52212 0.20623
v 0.07894 0.47713 0.22509
v 0.06836 0.45419 0.25721
v 0.03947 0.43739 0.28072
v 0.00000 0.43125 0.28933
v -0.03947 0.43739 0.28072
v -0.06836 0.45419 0.25721
v -0.07894 0.47713 0.22509
v -0.06836 0.50007 0.19298
v -0.03947 0.51686 0.16946
v -0.00000 0.52301 0.16086
v 0.03947 0.51686 0.16946
v 0.06836 0.50007 0.19298
v 0.06715 0.45830 0.21164
v 0.05815 0.43879 0.23896
v 0.03357 0.42450 0.25896
v 0.00000 0.41927 0.26628
v -0.03357 0.42450 0.25896
v -0.05815 0.43879 0.23896
v -0.06715 0.45830 0.21164
v -0.05815 0.47782 0.18432
v -0.03357 0.49210 0.16432
v -0.00000 0.49733 0.15700
v 0.03357 0.49210 0.16432
v 0.05815 0.47782 0.18432
v 0.04879 0.44336 0.20097
v 0.04225 0.42918 0.22082
v 0.02439 0.41880 0.23535
v 0.00000 0.41500 0.24067
v -0.02439 0.41880 0.23535
v -0.04225 0.42918 0.22082
v -0.04879 0.44336 0.20097
v -0.04225 0.45754 0.18112
v -0.02439 0.46792 0.16659
v -0.00000 0.47172 0.16127
v 0.02439 0.46792 0.16659
v 0.04225 0.45754 0.18112
v 0.02565 0.43377 0.19412
v 0.02221 0.42631 0.20455
v 0.01282 0.42086 0.21219
v 0.00000 0.41886 0.21499
v -0.01282 0.42086 0.21219
v -0.02221 0.42631 0.20455
v -0.02565 0.43377 0.19412
v -0.02221 0.44122 0.18368
v -0.01282 0.44668 0.17604
v -0.00000 0.44867 0.17325
v 0.01282 0.44668 0.17604
v 0.02221 0.44122 0.18368
v 0.00000 0.43046 0.19176
usemtl cloth
f 2763 2765 2764
f 2763 2766 2765
f 2763 2767 2766
f 2763 2768 2767
f 2763 2769 2768
f 2763 2770 2769
f 2763 2771 2770
f 2763 2772 2771
f 2763 2773 2772
f 2763 2774 2773
f 2763 2775 2774
f 2763 2764 2775
f 2764 2776 2777
f 2764 2777 2765
f 2765 2777 2778
f 2765 2778 2766
f 2766 2778 2779
f 2766 2779 2767
f 2767 2779 2780
f 2767 2780 2768
f 2768 2780 2781
f 2768 2781 2769
f 2769 2781 2782
f 2769 2782 2770
f 2770 2782 2783
f 2770 2783 2771
f 2771 2783 2784
f 2771 2784 2772
f 2772 2784 2785
f 2772 2785 2773
f 2773 2785 2786
f 2773 2786 2774
f 2774 2786 2787
f 2774 2787 2775
f 2775 2787 2776
f 2775 2776 2764
f 2776 2788 2789
f 2776 2789 2777
f 2777 2789 2790
f 2777 2790 2778
f 2778 2790 2791
f 2778 2791 2779
f 2779 2791 2792
f 2779 2792 2780
f 2780 2792 2793
f 2780 2793 2781
f 2781 2793 2794
f 2781 2794 2782
f 2782 2794 2795
f 2782 2795 2783
f 2783 2795 2796
f 2783 2796 2784
f 2784 2796 2797
f 2784 2797 2785
f 2785 2797 2798
f 2785 2798 2786
f 2786 2798 2799
f 2786 2799 2787
f 2787 2799 2788
f 2787 2788 2776
f 2788 2800 2801
f 2788 2801 2789
f 2789 2801 2802
f 2789 2802 2790
f 2790 2802 2803
f 2790 2803 2791
f 2791 2803 2804
f 2791 2804 2792
f 2792 2804 2805
f 2792 2805 2793
f 2793 2805 2806
f 2793 2806 2794
f 2794 2806 2807
f 2794 2807 2795
f 2795 2807 2808
f 2795 2808 2796
f 2796 2808 2809
f 2796 2809 2797
f 2797 2809 2810
f 2797 2810 2798
f 2798 2810 2811
f 2798 2811 2799
f 2799 2811 2800
f 2799 2800 2788
f 2800 2812 2813
f 2800 2813 2801
f 2801 2813 2814
f 2801 2814 2802
f 2802 2814 2815
f 2802 2815 2803
f 2803 2815 2816
f 2803 2816 2804
f 2804 2816 2817
f 2804 2817 2805
f 2805 2817 2818
f 2805 2818 2806
f 2806 2818 2819
f 2806 2819 2807
f 2807 2819 2820
f 2807 2820 2808
f 2808 2820 2821
f 2808 2821 2809
f 2809 2821 2822
f 2809 2822 2810
f 2810 2822 2823
f 2810 2823 2811
f 2811 2823 2812
f 2811 2812 2800
f 2812 2824 2825
f 2812 2825 2813
f 2813 2825 2826
f 2813 2826 2814
f 2814 2826 2827
f 2814 2827 2815
f 2815 2827 2828
f 2815 2828 2816
f 2816 2828 2829
f 2816 2829 2817
f 2817 2829 2830
f 2817 2830 2818
f 2818 2830 2831
f 2818 2831 2819
f 2819 2831 2832
f 2819 2832 2820
f 2820 2832 2833
f 2820 2833 2821
f 2821 2833 2834
f 2821 2834 2822
f 2822 2834 2835
f 2822 2835 2823
f 2823 2835 2824
f 2823 2824 2812
f 2824 2836 2837
f 2824 2837 2825
f 2825 2837 2838
f 2825 2838 2826
f 2826 2838 2839
f 2826 2839 2827
f 2827 2839 2840
f 2827 2840 2828
f 2828 2840 2841
f 2828 2841 2829
f 2829 2841 2842
f 2829 2842 2830
f 2830 2842 2843
f 2830 2843 2831
f 2831 2843 2844
f 2831 2844 2832
f 2832 2844 2845
f 2832 2845 2833
f 2833 2845 2846
f 2833 2846 2834
f 2834 2846 2847
f 2834 2847 2835
f 2835 2847 2836
f 2835 2836 2824
f 2836 2848 2849
f 2836 2849 2837
f 2837 2849 2850
f 2837 2850 2838
f 2838 2850 2851
f 2838 2851 2839
f 2839 2851 2852
f 2839 2852 2840
f 2840 2852 2853
f 2840 2853 2841
f 2841 2853 2854
f 2841 2854 2842
f 2842 2854 2855
f 2842 2855 2843
f 2843 2855 2856
f 2843 2856 2844
f 2844 2856 2857
f 2844 2857 2845
f 2845 2857 2858
f 2845 2858 2846
f 2846 2858 2859
f 2846 2859 2847
f 2847 2859 2848
f 2847 2848 2836
f 2848 2860 2861
f 2848 2861 2849
f 2849 2861 2862
f 2849 2862 2850
f 2850 2862 2863
f 2850 2863 2851
f 2851 2863 2864
f 2851 2864 2852
f 2852 2864 2865
f 2852 2865 2853
f 2853 2865 2866
f 2853 2866 2854
f 2854 2866 2867
f 2854 2867 2855
f 2855 2867 2868
f 2855 2868 2856
f 2856 2868 2869
f 2856 2869 2857
f 2857 2869 2870
f 2857 2870 2858
f 2858 2870 2871
f 2858 2871 2859
f 2859 2871 2860
f 2859 2860 2848
f 2860 2872 2873
f 2860 2873 2861
f 2861 2873 2874
f 2861 2874 2862
f 2862 2874 2875
f 2862 2875 2863
f 2863 2875 2876
f 2863 2876 2864
f 2864 2876 2877
f 2864 2877 2865
f 2865 2877 2878
f 2865 2878 2866
f 2866 2878 2879
f 2866 2879 2867
f 2867 2879 2880
f 2867 2880 2868
f 2868 2880 2881
f 2868 2881 2869
f 2869 2881 2882
f 2869 2882 2870
f 2870 2882 2883
f 2870 2883 2871
f 2871 2883 2872
f 2871 2872 2860
f 2884 2872 2873
f 2884 2873 2874
f 2884 2874 2875
f 2884 2875 2876
f 2884 2876 2877
f 2884 2877 2878
f 2884 2878 2879
f 2884 2879 2880
f 2884 2880 2881
f 2884 2881 2882
f 2884 2882 2883
f 2884 2883 2872
